Price,Close,High,Low,Open,Volume
Ticker,TCS.NS,TCS.NS,TCS.NS,TCS.NS,TCS.NS
Date,,,,,
2010-04-01,277.8417663574219,278.5296637839037,269.0022802285376,270.46406225981144,5781432
2010-04-05,276.311279296875,281.0061891405359,274.90109751600164,281.0061891405359,3001836
2010-04-06,273.800537109375,278.220293384336,272.45914889980804,278.220293384336,3702366
2010-04-07,274.4882507324219,278.25449312598283,268.6755304062844,271.7194679474987,3024558
2010-04-08,274.9698486328125,277.7386320353142,271.7195285546727,273.78322117660696,4494438
2010-04-09,272.26983642578125,277.8762181400819,271.1176164498541,275.84691201114236,3018012
2010-04-12,274.5054931640625,275.1590041962149,271.7539031221003,272.0634653990075,2869882
2010-04-13,282.33026123046875,283.34491401942654,270.7735941577267,275.15893976015417,8404916
2010-04-15,282.6227722167969,287.1629012028322,281.71129937364464,282.72595267246254,4290952
2010-04-16,280.3525695800781,284.7895160902634,279.2347363345547,281.69397787189104,3810958
2010-04-19,279.26922607421875,283.75775361462,275.4169954023115,278.59852173071783,6947704
2010-04-20,271.5475769042969,286.38897598346085,270.6877049064999,283.75775927301447,12016986
2010-04-21,269.99981689453125,274.8151002531598,268.36606004071086,273.4393050078374,7107490
2010-04-22,270.32647705078125,272.9748861618513,268.62392683702456,271.40990282829034,4751116
2010-04-23,268.3487854003906,272.407375944404,267.4201196928966,271.0487743531594,4306068
2010-04-26,270.0342102050781,272.0635166404184,268.34887358273363,270.3437725402893,2512548
2010-04-27,270.7909851074219,271.6852649103659,268.6413043209839,270.32666245474184,2621234
2010-04-28,264.9435729980469,269.6384792645445,263.12064981880803,268.27987824662785,2400382
2010-04-29,261.315185546875,266.64639367583396,259.88778916677,266.59479294191186,4622964
2010-04-30,263.2583312988281,265.80353896627577,262.27806495302536,263.12074342795563,3690224
2010-05-03,263.7399597167969,265.3221369370065,259.371805359458,261.8310479011364,2416560
2010-05-04,261.7449951171875,266.5086768413851,260.3004061886441,266.5086768413851,2896028
2010-05-05,263.3787536621094,264.15263834476,254.57367411447024,257.9615608835547,4371230
2010-05-06,263.8431701660156,265.1501926683072,261.1259866848221,264.1355393017274,2580872
2010-05-07,255.00355529785156,262.29525039219885,252.80227538709246,260.36914621500546,4267152
2010-05-10,264.9265441894531,289.9488175939097,256.24183761264857,261.40106924243344,2327814
2010-05-11,260.1285400390625,267.9361840025586,259.3030753028751,266.560388449272,1351288
2010-05-12,261.2117919921875,264.1353553554709,258.33980832777524,260.3691136477082,2740076
2010-05-13,263.3271789550781,265.9412022926001,261.8998041063552,263.1552045641741,1321452
2010-05-14,262.7252502441406,267.24818480632473,259.68131213484577,263.4647484705853,2026996
2010-05-17,256.4996643066406,266.54296746299775,252.4926547841851,266.54296746299775,3722050
2010-05-18,252.8367919921875,256.5858428655621,249.81004630175113,256.5858428655621,3199180
2010-05-19,248.15899658203125,252.11440678396244,246.37045907473924,251.08256064432823,3929266
2010-05-20,251.08255004882812,251.87362785723877,246.31886896905937,250.7386013501311,2398092
2010-05-21,247.19601440429688,249.67245003948605,235.69092248985385,244.2036555531503,2675092
2010-05-24,246.81777954101562,251.08275528831032,245.13244213555316,249.36301038907533,2885428
2010-05-25,240.60946655273438,245.5795327231068,237.85787514967436,243.5158391708118,2297366
2010-05-26,253.83419799804688,256.1730454883243,242.17432603428298,243.51573466479294,3689464
2010-05-27,255.15834045410156,257.9443375827303,250.1195044812047,252.80230020313513,6883872
2010-05-28,258.2366943359375,259.16536007694265,252.97428312752666,257.89274561652553,2479374
2010-05-31,255.57110595703125,258.9590136272102,253.83416902610952,257.445630780546,3327660
2010-06-01,254.2469024658203,258.63224872245877,252.69913319877145,255.57109666377644,3136912
2010-06-02,259.42327880859375,261.2290092875399,253.24939611531923,253.76531910930382,2769330
2010-06-03,263.2756042480469,264.496618248128,256.2762338091589,261.40107915289633,1684434
2010-06-04,263.2411804199219,264.7373701521159,259.75011303073603,263.27558789240106,1368210
2010-06-07,259.079345703125,260.64430801359237,253.14623091603053,257.92712601122173,1734922
2010-06-08,258.03033447265625,262.08892517840087,256.9296943678024,259.3373354127484,2242222
2010-06-09,252.13168334960938,260.90237843518224,251.42659245308874,258.64951781767815,4867400
2010-06-10,258.1336364746094,258.99350868138686,251.08268437903376,251.08268437903376,1796036
2010-06-11,261.0915222167969,262.53611135621355,258.3055453709685,262.0201881630625,3237024
2010-06-14,268.6239318847656,270.7220105355923,260.7131118676727,262.5532289962028,3550492
2010-06-15,268.3087158203125,272.37135911552184,264.99908999562666,264.99908999562666,2642976
2010-06-16,271.3557434082031,273.1594201318297,268.72904218514464,272.1612608413779,2328816
2010-06-17,271.5308837890625,274.85803900202626,267.4682607110621,272.12627373398107,1528920
2010-06-18,274.2976379394531,276.293935003097,270.46265014963825,271.53083762961285,2225672
2010-06-21,275.8736877441406,278.08011257371464,274.78797170815017,277.694871597939,1907428
2010-06-22,272.7040710449219,275.4533425183278,270.8303450819521,274.9280023863793,1468324
2010-06-23,275.38336181640625,276.31147149893144,269.6221259855265,269.6746685623298,2959524
2010-06-24,270.8829650878906,276.15387497677006,268.8691606730315,275.38337162107206,3777510
2010-06-25,265.64703369140625,271.7059531905489,264.8064808023058,271.7059531905489,2037322
2010-06-28,267.8359680175781,268.676520959332,265.3318376347213,265.6295432656609,1153124
2010-06-29,264.00103759765625,267.9235832220199,262.31995272325867,267.9235832220199,2614662
2010-06-30,263.0203552246094,266.1373826319255,259.6056435555815,264.4212625760054,3316516
2010-07-01,256.3660888671875,262.67017301965933,254.17717075869035,262.67017301965933,3407744
2010-07-02,260.4986572265625,261.26916036614205,255.96321645436097,257.34661641785567,2943550
2010-07-05,258.81768798828125,262.28494296781463,258.1522483049674,262.24990745091935,2165596
2010-07-06,265.8748779296875,266.83800233302395,257.71457042957917,257.94222656628756,2760904
2010-07-07,267.78338623046875,268.7640383109653,262.3023499738631,266.6626776404375,2152934
2010-07-08,272.0561828613281,272.826686121754,269.5520739851293,270.37509844158416,2187564
2010-07-09,271.23321533203125,274.5778778081629,269.93737158245096,273.17697026832536,1836666
2010-07-12,277.27459716796875,278.08011463538526,273.10688916642414,273.10688916642414,2725776
2010-07-13,271.30316162109375,277.3795872096349,269.51699236261777,277.3795872096349,5545886
2010-07-14,271.30316162109375,274.8229361987144,269.7621553639158,272.4764126882525,2833842
2010-07-15,273.9123840332031,274.89303621817027,268.0110707385855,270.024874929042,3795536
2010-07-16,291.9667053222656,293.66529747874625,278.4304251587397,278.4304251587397,19135452
2010-07-19,289.53253173828125,292.33434644700804,288.3242448699129,291.1961092215878,3027924
2010-07-20,289.7252197265625,292.2818719687131,288.93720915613665,289.53259919568933,2342062
2010-07-21,295.2413024902344,295.8717066900714,290.54825306982065,291.388806253707,2943720
2010-07-22,295.486328125,296.29184541532084,291.5637840523104,295.24116511242966,1362882
2010-07-23,293.9453430175781,297.69277397698846,292.4743862121095,297.69277397698846,1894472
2010-07-26,297.4300537109375,298.2530779849967,294.33055566693884,295.03100913461253,2766490
2010-07-27,297.3950500488281,301.12495206970306,296.36187687243904,299.44386796338307,2106602
2010-07-28,299.2513732910156,300.4771674177115,296.6421786603896,298.04308623375624,4359228
2010-07-29,298.39129638671875,300.14653930664065,298.04024780273437,300.14653930664065,5331904
2010-07-30,294.81060791015625,298.39130789009863,293.1255789273322,298.04025929258086,1283426
2010-08-02,294.2838439941406,297.8469935166268,293.82748539885125,295.93377561676414,2827762
2010-08-03,292.08990478515625,296.4604629649259,290.8612350156154,295.2317931953851,1281552
2010-08-04,304.9909362792969,306.11429577842273,293.4238837762627,293.4765496224328,5583934
2010-08-05,308.1679992675781,309.7652875092246,303.88522356744846,306.114373565898,2912950
2010-08-06,303.5516052246094,310.1513119346775,302.12986325821583,308.9226423344835,2437734
2010-08-09,308.87017822265625,310.2217285213638,297.0222850541959,302.30558492666216,4259986
2010-08-10,303.4814147949219,310.6779087258599,302.3931730636899,310.6779087258599,1545194
2010-08-11,301.2523498535156,306.4654127367633,300.0763242455354,302.6038783265635,4020248
2010-08-12,299.60235595703125,300.8134776050749,297.0572542526311,300.8134776050749,2278092
2010-08-13,299.93585205078125,302.9197643513222,294.1786479827467,300.8485695957207,2589906
2010-08-16,299.8305969238281,302.796961841834,297.9700436524565,300.84864642156464,1319098
2010-08-17,298.4614562988281,302.2527760335003,296.28495118731036,298.42633859101096,1733196
2010-08-18,305.79833984375,307.4482720793568,298.39122506271326,299.4443705629346,2888916
2010-08-19,306.1319885253906,309.2387821120688,304.4645073421436,306.8165377174594,2148534
2010-08-20,305.0435485839844,308.8875333169922,302.9548060645604,305.0610967208609,1746396
2010-08-23,305.552734375,307.32552566109945,300.86622233551844,301.9018200733572,1049830
2010-08-24,305.6578674316406,309.5896140704537,303.65688712716207,305.4121292492844,2650474
2010-08-25,305.8335266113281,309.44932269332895,304.1133800020117,306.1143611895438,2379968
2010-08-26,307.6940002441406,308.5716214656014,301.9894623046457,306.8163790226799,4204428
2010-08-27,300.5150146484375,306.4652900287569,298.7422243006553,306.14933786027046,1276514
2010-08-30,296.8642272949219,302.88469732345743,294.91589061988657,302.88469732345743,1558570
2010-08-31,296.19720458984375,297.58385060325816,291.44050117472807,294.88077256944445,2447874
2010-09-01,301.34014892578125,302.25286678224285,294.88084564121255,295.58294289273925,2745484
2010-09-02,296.320068359375,304.5346128855407,295.4073507126023,304.5346128855407,2758800
2010-09-03,293.9329833984375,298.91787771726905,293.1606722065668,298.39130482639894,2777970
2010-09-06,300.2693786621094,301.024141640242,294.1786946874902,294.1786946874902,2287978
2010-09-07,305.8861389160156,307.13237838284783,300.49755235952875,301.19964944448094,2484236
2010-09-08,308.5892333984375,309.9407832146682,301.51561774693744,303.3059568383087,4189478
2010-09-09,307.0621643066406,309.80033865195827,305.8861388338799,309.62481438076736,2938158
2010-09-13,308.8349914550781,312.0821908537249,305.6580060584199,305.8861747820012,2349410
2010-09-14,314.3113098144531,315.59264558897854,309.02803343662794,309.9758688043026,3071038
2010-09-15,321.13922119140625,322.75405743721115,315.59265818050244,315.9437067435508,5560394
2010-09-16,314.32891845703125,320.665341269661,303.4815083726681,318.75212215428877,2334264
2010-09-17,320.7882385253906,322.52593355470214,315.9788679384153,315.9788679384153,3007978
2010-09-20,320.2440185546875,323.6316454086313,318.29570351632105,321.9114990568906,2419108
2010-09-21,334.8827819824219,336.30452438165554,319.55950359012655,320.1562904343109,4997184
2010-09-22,328.31817626953125,337.00662840817967,326.475171270424,335.60243412314554,4031066
2010-09-23,326.9489440917969,331.84607393634013,325.70272646053564,329.9855215574985,3327236
2010-09-24,327.1597595214844,329.2485030563359,324.71996737325634,327.56345257108313,2738784
2010-09-27,325.6325378417969,330.49457179267074,323.66667506700645,328.2303049757603,3423290
2010-09-28,322.84173583984375,326.5803892108013,320.8933996792381,324.80759871249103,2521714
2010-09-29,323.0874938964844,329.020222401478,321.17429662078683,324.71987807027705,3370194
2010-09-30,325.4045104980469,326.47520446398465,321.26214122129204,324.71996142923206,7560924
2010-10-01,337.5682678222656,339.11288997029106,323.66675419524677,325.42199689695633,3326156
2010-10-04,335.5321960449219,342.2723324146557,334.5492644011968,339.3761819096086,2140956
2010-10-05,333.5838928222656,339.09535947775476,332.14460230247266,333.4961306826123,2211664
2010-10-06,336.88360595703125,339.7797552598382,333.4959803232303,333.4959803232303,1838960
2010-10-07,333.0747985839844,339.1128368167052,329.42390719246185,337.0065459048002,1972940
2010-10-08,330.8983154296875,335.14601523688145,305.0611537833445,331.4073400521005,2695996
2010-10-11,330.3016357421875,334.88281567904363,326.1416969835616,330.8984012201157,3065370
2010-10-12,333.7418212890625,335.53216011174663,329.6696457350134,330.91588508112744,2608902
2010-10-13,348.5386047363281,350.241203354854,333.1802280105642,335.5849238508393,5350604
2010-10-14,346.1513366699219,352.4526609391027,344.8524530565003,349.96022539341914,2949086
2010-10-15,333.6014099121094,354.91005972170973,331.74085700990673,350.6974774104728,5717798
2010-10-18,344.46636962890625,345.4317530851911,326.4751324890525,340.5170736713774,4480734
2010-10-19,339.7271728515625,346.6252841826435,338.44583730516246,344.72961378479397,2200912
2010-10-20,338.1474914550781,344.20307850683014,335.67260364092675,338.5863021110022,2206638
2010-10-21,346.2041320800781,348.8896410024636,340.5171404998706,341.938883038346,3752354
2010-10-22,365.16064453125,368.3903165486992,358.77157876281575,358.77157876281575,9610404
2010-10-25,374.5511779785156,376.6574689675192,364.1074851580397,366.14358358844976,5156316
2010-10-26,373.024169921875,374.8320784728551,365.6346238686488,373.34012217830144,3507024
2010-10-27,367.9690246582031,374.49856111302347,366.3366833970986,372.11141414539014,2141382
2010-10-28,369.6190185546875,374.76188826707204,365.09048379098977,368.60096921205695,5255690
2010-10-29,369.6190185546875,372.1114546331242,361.9310469120293,372.1114546331242,2212398
2010-11-01,370.4982604980469,375.0705761187473,368.98586200369226,370.0234516934972,1147948
2010-11-02,369.1090087890625,372.81963649577403,367.08663811939203,371.06105330475623,1565778
2010-11-03,370.2873840332031,379.5023450241625,368.7398218614698,369.61911367107166,2217878
2010-11-04,376.0377197265625,379.3614236119426,373.3470798062266,373.5229380633185,1717440
2010-11-08,375.68603515625,380.69799590952834,373.5581328908479,379.85386761688335,2248586
2010-11-09,383.75799560546875,386.4310333314055,375.8092085780156,377.7084869133931,3504086
2010-11-10,384.1802062988281,389.7021418572523,381.9995367842502,384.162603288433,1540224
2010-11-11,374.49041748046875,383.3712656057393,372.20425855713177,383.3712656057393,1926096
2010-11-12,371.3775939941406,376.3016267583251,368.66935021334416,372.819623573963,1802330
2010-11-15,374.9300537109375,379.8013220883584,370.35773598275534,374.57833696261577,1389396
2010-11-16,368.91558837890625,375.0706295137726,366.5590611553473,374.9299342724294,2178076
2010-11-18,366.7701416015625,377.0402506585218,365.78531780304354,377.0402506585218,2765160
2010-11-19,357.1330871582031,368.9507577519876,353.82694213393665,367.50872810547065,2172652
2010-11-22,365.46881103515625,366.8405147394238,355.7614387909177,357.34416392641856,2221236
2010-11-23,362.2857360839844,367.5438825894714,356.07792890604804,363.6749996148454,1684448
2010-11-24,353.3872985839844,363.85086875852886,351.34734633917,360.5095606355651,3008608
2010-11-25,359.3840637207031,366.45358116846336,354.2138247435842,355.25139314019236,5855006
2010-11-26,368.3351745605469,370.7092613863131,360.50948094968777,360.50948094968777,3617826
2010-11-29,376.7940368652344,379.3263793870619,369.3903847485042,371.0610387142794,4518892
2010-11-30,378.4470520019531,381.9818209159676,370.392733479393,372.99544484021493,4808408
2010-12-01,380.5222473144531,384.49661964770104,374.22651077381335,374.22651077381335,3776032
2010-12-02,385.41119384765625,386.60699633249044,378.1130720042676,383.72293644033715,4095716
2010-12-03,385.9562683105469,391.46064262704084,383.7756421919499,384.4439124328627,2030112
2010-12-06,387.486083984375,390.40534835746337,385.235132539361,386.88818305694565,1930954
2010-12-07,382.4918212890625,386.8882790050287,380.5925429689336,386.8882790050287,2158324
2010-12-08,379.5550537109375,384.40871800530886,376.77648342602714,383.7052846640234,1984132
2010-12-09,377.25128173828125,385.93870901941125,375.66855676488666,381.15532808582196,2579902
2010-12-10,378.0603332519531,381.20818090827095,371.764595005145,375.2817624129515,2245624
2010-12-13,378.4821472167969,380.1000346588652,368.7396165642679,376.688401510718,2115066
2010-12-14,380.1880798339844,383.23043731680235,374.279266120195,377.46227590983494,2615340
2010-12-15,388.1719970703125,389.84265076060973,380.38146653820144,381.6476375903333,2572034
2010-12-16,401.2030944824219,402.36377639568633,388.3478789603422,390.05369582414,4515704
2010-12-20,410.347900390625,413.9705999598644,392.11139614150443,399.1281708138167,4514046
2010-12-21,408.27264404296875,412.29978191552794,405.88095400342866,411.15670297227734,2810642
2010-12-22,404.3860778808594,411.1566210417261,400.16547954681255,410.4531879860516,3186836
2010-12-23,400.95703125,407.8331097929101,398.17846077994295,404.4741981907894,2850924
2010-12-24,401.3437194824219,404.05196249480105,395.9448793917794,398.8465407330916,1624640
2010-12-27,401.37896728515625,407.797795243773,400.3238174837398,402.7155075406125,1664936
2010-12-28,403.1903076171875,404.79063528827874,400.9745188427778,401.37895857722214,1012876
2010-12-29,406.9185485839844,408.6947347857621,403.4365882029311,404.12241847576644,1042370
2010-12-30,411.5788269042969,413.19675792122143,405.3534590666993,405.3534590666993,3845552
2010-12-31,409.9784240722656,415.0255482115676,408.624323878914,412.38767396446013,1532980
2011-01-03,407.3052978515625,413.95270515600197,406.07429013827493,410.4531432590269,1405042
2011-01-04,402.62762451171875,410.1543692108467,400.28870026382276,409.3630067691334,2502868
2011-01-05,407.62200927734375,410.0664658448949,401.5724998493804,402.80350816947924,3069674
2011-01-06,412.106201171875,415.7288982541767,405.564282933384,410.80486731038786,2846720
2011-01-07,401.8890686035156,417.43492851621687,400.30634356078593,413.6188111666904,2532724
2011-01-10,397.7562561035156,404.1223170896383,394.2742536618664,403.5947422631505,3952426
2011-01-11,386.3607177734375,399.39183607910456,382.5973670088436,394.9777752021578,3768730
2011-01-12,399.53253173828125,405.0369061778997,389.7020680438725,390.3703382997335,3160874
2011-01-13,395.4174499511719,406.5668507570064,392.5861137006941,397.0705010583792,5589198
2011-01-14,393.9753112792969,404.47404195539605,393.92254520873354,397.4045477219622,3151692
2011-01-17,400.0425720214844,403.26078832365704,393.9226930251532,394.3447358797279,3000212
2011-01-18,422.9568786621094,425.19027082406217,409.521276743566,412.9153510352451,8481370
2011-01-19,419.59796142578125,425.2254277986333,416.7842282393552,423.27338322688576,2952040
2011-01-20,426.3508605957031,428.6546215817642,415.02560284429273,415.02560284429273,4545208
2011-01-21,426.1575012207031,429.09432675551693,423.4668601751167,425.5771601427668,2597404
2011-01-24,425.2957458496094,429.09430275255846,421.4444657977485,422.0599699205493,2016678
2011-01-25,418.03289794921875,428.8481863963587,415.0257030122008,427.26546125775286,2467094
2011-01-27,422.5600280761719,426.2768675427715,416.28890169676043,418.3851690513508,4714118
2011-01-28,416.20068359375,424.0395674142435,410.52851109348285,421.00971530290667,3014578
2011-01-31,408.5027770996094,411.8497166273768,397.5988176301758,411.8497166273768,5940816
2011-02-01,405.20880126953125,410.44058901750356,399.1666844264648,410.44058901750356,4212708
2011-02-02,416.5882263183594,422.38374166171775,409.50681609030744,412.2019915595001,3937618
2011-02-03,417.0286560058594,421.2563691751604,412.4310437381579,417.3809654366344,1883412
2011-02-04,404.73309326171875,416.8172809926481,401.72083041121164,414.3158926231834,3457600
2011-02-07,398.5148620605469,413.43515938153206,396.87661443825806,413.43515938153206,2578382
2011-02-08,396.38348388671875,405.1207783213163,394.0582493537087,398.814428492086,5288638
2011-02-09,386.9414367675781,397.9686953416905,381.797685048652,395.46730716714865,6012732
2011-02-10,384.2815246582031,392.64887392305053,377.6757226070078,387.54038700345944,4551822
2011-02-11,383.8763732910156,389.0200827290166,372.0035618686521,381.9386712899072,2945056
2011-02-14,391.8738098144531,394.586575317149,382.960363722983,384.36960149197284,2462548
2011-02-15,386.73016357421875,394.2343739539729,379.2788512331321,394.2343739539729,3625426
2011-02-16,386.30731201171875,390.95777955015285,380.8465155354929,389.301942337391,2464592
2011-02-17,390.7815856933594,392.6312101210585,384.8628133286345,389.30190335380826,1477760
2011-02-18,383.9114685058594,398.95510304588726,381.2339261377348,391.1514426060584,4076928
2011-02-21,401.1395568847656,404.45127452837664,372.8138666875704,384.0173251184064,5657800
2011-02-22,401.1924133300781,404.3455659182941,394.5866106956641,395.5202394026335,3305400
2011-02-23,396.5418701171875,403.3766382054577,395.67868626641814,397.4578659737735,1879344
2011-02-24,391.6975402832031,401.19225976617355,384.47519883406454,394.2341503212718,5378830
2011-02-25,391.0810241699219,393.5295570312079,383.40066288201615,389.40755470179454,3070474
2011-02-28,391.151611328125,404.53937195002885,387.54043905511145,387.96319324055975,3229396
2011-03-01,396.1720886230469,398.8144102456995,386.6949531351588,392.12052880164623,3167804
2011-03-03,405.2261657714844,406.91726772306697,390.0064202332772,394.55121909746003,3452600
2011-03-04,400.06488037109375,409.85905402655436,398.9903197026238,409.85905402655436,2061198
2011-03-07,390.4469299316406,396.3481129466237,385.585042543553,395.99580351289336,4184588
2011-03-08,393.7763366699219,397.687006780602,389.35487796001865,389.35487796001865,3947902
2011-03-09,396.9470520019531,400.9281661088074,394.0581316280325,395.48500214588074,2424486
2011-03-10,390.5527038574219,395.2912493136952,387.54044050362273,395.2912493136952,1871324
2011-03-11,379.4549865722656,388.38602432305095,374.6107306613676,387.5404728718421,5012882
2011-03-14,386.6773681640625,388.24512847662083,372.8844405247698,377.32353230350355,3248618
2011-03-15,383.9468078613281,385.9373216000123,375.43852710512607,378.73261144992154,3411868
2011-03-16,392.77227783203125,395.80213124205017,384.42255902668904,384.7220135311526,2677874
2011-03-17,386.83587646484375,394.19915448155643,384.95102901962366,389.3020432546925,2056102
2011-03-18,381.4630126953125,390.7111346840005,379.12014652354094,385.25033884306094,2211348
2011-03-21,377.2530212402344,384.5458105221002,375.7380732220063,384.5458105221002,2619090
2011-03-22,376.79498291015625,380.4942323917426,374.50497132631705,378.7679073656968,2657774
2011-03-23,374.98065185546875,377.3235189075088,372.4792627123844,377.3235189075088,4352248
2011-03-24,385.21533203125,385.9728062859101,376.9712786446288,377.3235882508387,3094834
2011-03-25,394.4632568359375,397.58118665009914,388.86152836955864,393.476773241995,4146434
2011-03-28,394.5513916015625,396.94707023947245,390.35890022706013,395.9429968320713,2248642
2011-03-29,401.1748046875,405.82531582464856,394.2871798653079,394.5866343347023,3159588
2011-03-30,405.84283447265625,410.0881803463768,403.3590787718946,404.4512294137806,2294770
2011-03-31,417.0992431640625,422.06679872132923,405.8605610408775,405.8605610408775,7394126
2011-04-01,415.7780456542969,422.3309934476746,413.10050218035565,417.48673804837904,1799624
2011-04-04,427.4219055175781,428.4083894063249,417.13448442194795,417.4867939527097,2311616
2011-04-05,436.81085205078125,438.25531215833126,424.0924898253405,428.0736037133301,2891014
2011-04-06,430.46929931640625,439.3122580422973,427.7565337134622,436.51141507553655,2422352
2011-04-07,422.48956298828125,429.81761827292485,421.06273522334453,429.81761827292485,2149016
2011-04-08,421.3621826171875,427.7037539274796,417.39870054825496,421.6792697840087,1983768
2011-04-11,415.1614685058594,421.0097968312478,414.06931780157703,415.7780100493361,2256232
2011-04-13,426.3298645019531,430.310980428699,413.7172058524495,413.96380538495424,3757530
2011-04-15,419.7416076660156,429.7824298695948,415.7252701832766,428.72550121658645,7566770
2011-04-18,403.2533264160156,427.1751430268212,401.65034446671245,422.06665678031493,7765454
2011-04-19,410.33489990234375,411.9907805275865,401.63287155460796,403.2534868209774,3120224
2011-04-20,429.35955810546875,431.22681560440685,415.5666759821691,415.6547533546373,5338548
2011-04-21,419.9881591796875,438.9072057115988,412.5015820759662,437.21610285732186,17333968
2011-04-25,422.0137634277344,424.1804746194939,413.135584649932,421.7143090693806,4191552
2011-04-26,418.8960266113281,423.4760504514856,415.84854060868577,422.7714313991537,3155246
2011-04-27,415.9365539550781,420.99218627591745,414.33357166172914,420.99218627591745,1774478
2011-04-28,408.2032775878906,416.95815720504555,407.1287167608856,415.777929366436,2846194
2011-04-29,410.66943359375,412.90658953472115,405.2438605907107,412.90658953472115,1866696
2011-05-02,408.13299560546875,414.84450997584617,406.0367709105416,412.20218825625483,1543070
2011-05-03,401.0868225097656,409.38373028748526,398.46213335210484,409.38373028748526,2120156
2011-05-04,400.5935363769531,403.74668921665227,392.8779496832868,403.74668921665227,2722934
2011-05-05,392.8247985839844,403.39407567593014,390.39385625153716,403.39407567593014,1885596
2011-05-06,404.7859802246094,406.389005641934,394.4985600932428,394.5866374676776,2405348
2011-05-09,400.06488037109375,405.84271902824577,396.1718450380578,405.15573303136193,1012232
2011-05-10,401.5974426269531,408.66121939538874,397.40495269842427,399.1664994745697,1529158
2011-05-11,401.7208557128906,405.7547817665073,396.73566832768955,401.28046889452526,1460670
2011-05-12,391.6801452636719,399.4838104582695,390.48228418303324,399.4838104582695,2540458
2011-05-13,397.0879211425781,402.4430498939716,391.76805773684384,391.76805773684384,2365488
2011-05-16,398.4972229003906,404.23988431967297,394.58659648298055,394.9389059441261,2227368
2011-05-17,402.2316589355469,404.873979659937,395.30881304286265,395.30881304286265,1391414
2011-05-18,406.93505859375,409.2074374060073,402.42548030737134,402.42548030737134,2225180
2011-05-19,410.38763427734375,412.2020364579289,407.26970439774857,410.44048929357876,2050922
2011-05-20,413.9636535644531,416.92306190187946,409.8240170288086,413.52326669895905,2050600
2011-05-23,410.9866638183594,412.3782691386841,405.15592439939064,410.0882573920789,2017284
2011-05-24,405.1207580566406,413.18865531133275,401.3334304136762,409.6127047959706,1681994
2011-05-25,397.6165466308594,405.12075719378333,394.5866931242483,404.83889235322283,1867470
2011-05-26,400.1355895996094,402.68983395320583,394.5867139348998,401.2805956891526,2060218
2011-05-27,403.2357482910156,405.1205950139204,400.329195688264,404.6449859165922,1286704
2011-05-30,405.84283447265625,408.6613099389544,402.4430828466522,405.5081577136424,1140868
2011-05-31,407.67498779296875,414.9149229469085,405.1911883639353,406.91751368998774,2644154
2011-06-01,414.1046142578125,414.6683008828548,407.62211055349445,407.62211055349445,982386
2011-06-02,411.409423828125,412.9067392220616,407.49879692997314,408.29149331499843,1697654
2011-06-03,405.89569091796875,413.9635855699558,405.15584970676525,410.7928006592072,1367808
2011-06-06,410.2115783691406,411.4975167101665,401.6328502136899,401.6328502136899,1357074
2011-06-07,415.4786376953125,416.83502075761714,407.97442765245955,409.73597526753923,1837442
2011-06-08,419.0610656738281,420.33803331752773,412.7116470590241,415.69126709448926,2127670
2011-06-09,420.81707763671875,423.45973630783175,416.7910619957918,416.7910619957918,2693966
2011-06-10,421.8280029296875,424.77216132621004,420.37367684115026,420.8880407202027,3774550
2011-06-13,416.89752197265625,422.2891851347385,415.92205346436515,421.82803724707423,3229400
2011-06-14,422.4841613769531,423.8498081928421,417.8551040669741,417.8551040669741,2125782
2011-06-15,420.072021484375,427.4323714491635,419.007874501514,420.6927738910439,2812382
2011-06-16,408.3309631347656,420.6573329979428,407.30227900411876,419.6286488672959,2337520
2011-06-17,393.4505615234375,410.40598604577355,391.60605755793773,409.69655478208165,3788146
2011-06-20,379.29742431640625,396.926773056082,375.28912054810974,395.50791059654284,5310408
2011-06-21,392.5815124511719,393.98262183013094,377.1336298794369,381.31929151570796,3425946
2011-06-22,384.33447265625,396.1819860571587,383.0929676684356,395.8627332573835,3570834
2011-06-23,389.123291015625,390.54215442862636,379.58142590313577,383.7316273663298,2428236
2011-06-24,403.5779113769531,404.6420588031283,389.8326737888565,390.18738959758156,4151588
2011-06-27,408.1361389160156,409.5904655636781,397.99127201490813,397.99127201490813,3125218
2011-06-28,409.34197998046875,412.17970601152916,402.83295455677643,411.4702745037641,2133332
2011-06-29,414.9642028808594,418.17439767196043,409.5902507196361,409.5902507196361,2958704
2011-06-30,420.05438232421875,422.8211825502739,413.95328862094766,414.94651006113753,5172916
2011-07-01,422.78558349609375,424.94934025805907,418.4580266719138,424.94934025805907,1920840
2011-07-04,420.5865478515625,425.6590016074943,418.56468491403604,423.1759907647839,1603734
2011-07-05,418.3694152832031,422.4663989406393,416.2234112771345,422.0407574204994,2061136
2011-07-06,419.5578308105469,423.1404514337653,415.62045111644255,417.9438567341156,1490178
2011-07-07,424.20452880859375,425.6588545683172,419.6641503730952,419.6641503730952,2602634
2011-07-08,415.6028137207031,427.43257807201945,414.7514870628288,424.2401355801952,3412060
2011-07-11,410.2821350097656,417.7843846003504,406.7172230630907,415.0175833909658,1822504
2011-07-12,406.2737731933594,407.4975688049845,394.47947167275345,402.85075672356504,4079404
2011-07-13,407.586181640625,414.3080283071805,401.183544533751,407.9231443092959,3952600
2011-07-14,398.5941467285156,410.97373741695543,396.9624626283814,407.92319004709213,6937844
2011-07-15,406.5219421386719,417.81962843562206,404.7660734571947,414.3079343729237,7279700
2011-07-18,399.0729064941406,408.63247707079006,398.0974383414109,407.21361430318314,3125208
2011-07-19,404.3937683105469,407.26695765323205,397.37037809485514,397.8492357685912,2195292
2011-07-20,401.69793701171875,408.56172317855766,399.05532131511916,407.92321734434404,2807746
2011-07-21,398.1860656738281,401.7154690308647,397.29927655896967,401.53811120789305,1850624
2011-07-22,402.0349426269531,404.83720642935697,399.587394665353,399.6760736255539,2090442
2011-07-25,404.3403015136719,405.79462674317506,398.3988155014794,402.6021864978179,4740714
2011-07-26,406.0254211425781,408.61482032392877,399.8533579879669,404.30505829121705,3968722
2011-07-27,406.91204833984375,409.5724155957375,403.71960763277133,407.5505105011093,2024290
2011-07-28,401.7197265625,407.17888085276036,398.430002946837,405.436207768191,4093814
2011-07-29,404.36944580078125,406.14767555364307,398.9102891422579,402.9468619984918,1719138
2011-08-01,403.746826171875,408.95704494352725,400.13701322957616,406.28970189460495,1982346
2011-08-02,402.1108703613281,403.3022749246001,399.1234374198699,402.0575148168081,2025292
2011-08-03,394.8912353515625,400.35038873115207,389.5565492971519,398.32322539599056,3064246
2011-08-04,389.73443603515625,398.1454677754307,388.0451185077482,394.78463237589415,3049294
2011-08-05,376.25543212890625,381.96356421098346,365.6038584812765,381.6612739835188,5269388
2011-08-08,357.5484924316406,367.50657472258723,354.43659171571977,359.6290333629943,6549306
2011-08-09,343.12701416015625,350.38219611968753,337.04548053738284,343.1981476513073,8159270
2011-08-10,349.9731750488281,359.9134775091602,346.3278063289972,355.2900830352283,5949080
2011-08-11,347.9461364746094,349.74216552617844,342.4869809235421,348.5329608567718,2900464
2011-08-12,336.8499450683594,352.7650954175708,333.41795424325625,352.2849605393217,4169084
2011-08-16,346.25665283203125,347.9459699460362,340.0150749942964,343.9093998405914,2983568
2011-08-17,355.6102294921875,358.9888644533732,344.97641182632884,346.5768178605747,4557892
2011-08-18,342.2557678222656,358.95334446780817,340.7087170902628,357.74416162753573,3619896
2011-08-19,330.377197265625,336.77882218907234,321.85947531776947,335.374016822825,5443614
2011-08-22,326.5006103515625,330.7505818467794,320.7924998126828,330.3949360598474,3528922
2011-08-23,349.1018371582031,351.3779784951799,327.31853636586527,327.4963592294762,4874670
2011-08-24,342.3446960449219,347.82165096994925,339.64179619253736,347.82165096994925,3194790
2011-08-25,338.0058288574219,346.0434164877377,333.59581157810686,344.86978950906683,4445488
2011-08-26,337.312255859375,344.79859544171734,334.307044574744,338.2547041843042,3584910
2011-08-29,362.61651611328125,364.1813666056754,342.8781705599463,342.8781705599463,5590444
2011-08-30,370.7252197265625,373.5348304500415,364.2346833666724,366.3152027773572,5966682
2011-09-02,363.5056457519531,382.23041004178526,359.91363104190435,381.6080297509519,4413506
2011-09-05,365.4971923828125,367.45324439567213,355.0945738395028,361.2650201427643,3789658
2011-09-06,367.7021789550781,370.5829010772389,357.42400727699146,362.0474023959973,4763292
2011-09-07,366.6707458496094,373.42801468679903,364.5368714799705,367.773238924499,4432156
2011-09-08,368.4668884277344,375.1885600458831,365.95956790021637,367.3821512545418,4892662
2011-09-09,361.3538513183594,373.99705308760883,359.4333773383494,369.87157116886726,5062650
2011-09-12,350.55999755859375,357.01495448159477,348.0526995238118,355.6457271149592,3297170
2011-09-13,353.4229736328125,364.18125786163523,351.64474483466,354.86333461793714,3798204
2011-09-14,361.01611328125,365.9595995477951,353.42308265366506,356.0015152063585,4745632
2011-09-15,370.4941101074219,371.93449334377203,359.20235297191846,365.6039790644873,3852238
2011-09-16,365.5149841308594,381.39457835625325,363.22106429675875,372.71681184056496,4656504
2011-09-19,362.065185546875,367.20427145977357,360.0913557898506,363.2921678413159,2240234
2011-09-20,376.25543212890625,378.40710644365583,363.505539715795,363.505539715795,3487986
2011-09-21,371.11651611328125,379.8120414587974,368.76926173294027,379.8120414587974,2740760
2011-09-22,353.654296875,367.7378660406021,350.7379961104734,363.8257610827234,3141570
2011-09-23,352.1960144042969,360.9804695818047,349.33307019382033,351.37803344514583,4564232
2011-09-26,354.5611267089844,358.49100892376276,344.6208210784981,354.2232588175275,3388478
2011-09-27,370.0671691894531,371.6497752688644,357.7795922683996,360.55362452711415,3964578
2011-09-28,372.68133544921875,378.6561603310594,368.8047865796514,372.8947142996765,4425190
2011-09-29,377.50030517578125,379.8298030751439,368.34242368778035,371.02756747017213,5380350
2011-09-30,368.9114074707031,378.4071330106212,367.4176690552794,373.39253588938584,2691018
2011-10-03,371.04522705078125,373.39248030986477,361.0871243785012,362.7586637390698,3949264
2011-10-04,371.9877014160156,376.62889640006057,365.9950784610585,369.30260171564146,4718224
2011-10-05,371.1342468261719,378.0515412933475,370.22733253657077,375.02855154641105,3415262
2011-10-07,372.9125061035156,383.3151481287756,368.98260175067367,382.3548782012385,5085808
2011-10-10,378.6560974121094,381.9636209929303,372.7168294232691,372.7168294232691,3854814
2011-10-11,370.1739501953125,383.38620134559403,367.9156078775668,382.3192638650404,4476374
2011-10-12,383.7596130371094,387.4405383381336,377.69583485772733,379.1184180398657,5871662
2011-10-13,388.6320495605469,392.97091208945506,384.1331203315118,389.9657216592447,5408918
2011-10-14,403.3912048339844,405.70290228288974,387.26267823861025,387.4405011192953,6710132
2011-10-17,398.4122009277344,410.41524648123675,395.22918843535996,409.5261319957921,4358690
2011-10-18,367.5777893066406,378.4960996452396,362.9365935522359,377.6958964747423,12006778
2011-10-19,373.0545654296875,374.9928606769038,368.16443671675165,370.93849073396734,3827420
2011-10-20,371.6143798828125,372.3612275303421,366.4219588406991,368.4491229431083,2245412
2011-10-21,373.3748474121094,376.9846620570206,370.9386816278042,375.1708766110171,2461130
2011-10-24,384.008544921875,388.4719169887301,376.80671761493545,376.98454051140305,3271720
2011-10-25,391.8188781738281,394.79678560035893,382.1183348277487,388.37732567189784,4158746
2011-10-28,399.96807861328125,406.24487613334196,396.2233930801208,402.64285399411017,3259116
2011-10-31,397.9353942871094,403.7128935476467,396.5801569125293,399.43325156657625,1778740
2011-11-01,395.3139953613281,400.5030775827379,390.9630443455712,395.15352623479396,1458210
2011-11-02,394.7433776855469,400.09292893087144,392.30042465713393,392.7462205942443,1550844
2011-11-03,394.08355712890625,395.6527673303069,387.6640964697928,391.5157902791624,1891268
2011-11-04,392.22900390625,401.21623004536735,387.73534730194416,399.7896834496505,2716008
2011-11-08,394.17266845703125,397.5785659738618,390.8737793520979,390.8737793520979,1692104
2011-11-09,400.4852294921875,408.7057241679336,394.5472623065612,395.8668008956425,3921980
2011-11-11,403.3560791015625,406.92244584870275,394.8859580771044,395.866708932568,3629590
2011-11-14,402.4288330078125,412.27199653650916,401.03794126756446,406.56580973323565,2329150
2011-11-15,401.0020751953125,406.1911099668682,399.43286594358864,401.2338976191003,1468478
2011-11-16,398.4523620605469,403.99808028451037,394.1548723147323,401.5729332559192,1871602
2011-11-17,397.70343017578125,400.68133795474245,395.0108056398874,397.6499259630955,1391988
2011-11-18,387.521484375,395.79548310721344,383.8481519658133,394.3510868538269,2789442
2011-11-21,380.60272216796875,388.12779242041796,378.0706099500413,386.95087373157025,2871704
2011-11-22,385.8274230957031,390.51720462532364,376.965009396317,381.20899503024646,3723582
2011-11-23,378.8552551269531,385.8631327730791,371.25887457336296,385.8631327730791,2355750
2011-11-24,389.37603759765625,391.0165580103644,372.68541957503254,378.74824458247326,3766844
2011-11-25,379.4258117675781,387.98509297206635,377.0006646790709,386.95083778623956,2140604
2011-11-28,388.19903564453125,390.8738108097439,383.0278036584534,384.43650116489795,1504486
2011-11-29,389.91094970703125,394.40456374488326,387.37879412620197,389.80394127539523,2554696
2011-11-30,397.8460998535156,400.48517668368606,385.5777883040899,385.5777883040899,3481698
2011-12-01,404.71136474609375,409.61511961551355,401.64425414541574,406.5658582646266,2481448
2011-12-02,420.11798095703125,422.61443755015455,402.856758091915,404.72910053675747,3968866
2011-12-05,421.1700439453125,422.2221482074966,414.60796426444483,418.15648159843846,1530476
2011-12-07,420.6708068847656,425.4318977831193,418.5487925503156,420.83127597441506,2637422
2011-12-08,419.97528076171875,424.04094699239624,416.2484454455319,417.2648511195152,3326444
2011-12-09,418.1209716796875,421.8300029172751,414.05530366030797,414.05530366030797,2763230
2011-12-12,420.9559631347656,424.3975147131262,411.95088981837364,419.40460277532475,3172170
2011-12-13,420.3676452636719,426.8584590834555,416.07019930913077,419.0481069365808,3274558
2011-12-14,421.70501708984375,424.041004714746,417.2649079194725,421.0095929905447,3346176
2011-12-15,421.72283935546875,424.3619592769894,411.7726680962845,420.72423931984014,3669372
2011-12-16,408.81280517578125,421.7408899322743,403.81988968361844,419.60106900706165,3550896
2011-12-19,407.86761474609375,412.77136990111336,397.4359901435974,406.2092452048991,3667724
2011-12-20,404.1942443847656,410.5245465794786,402.37540570056035,408.47388530513496,1809396
2011-12-21,413.2348937988281,415.83835891433586,400.3068144586526,410.132172171086,3116976
2011-12-22,410.7384033203125,415.07154722906836,404.5151113291472,410.8454117268482,2086268
2011-12-23,412.6822814941406,414.41196126579257,406.2449698454258,410.48895646895636,1578590
2011-12-26,423.82708740234375,424.46900737847074,411.38045714838046,412.68218988532,2229352
2011-12-27,420.6351623535156,424.39769716666865,417.2649627605062,422.75717696020246,983902
2011-12-28,416.9795837402344,422.09735486341776,415.8027088314844,420.3676321587806,1197910
2011-12-29,415.7312316894531,420.1535338585963,413.5201023722503,414.9466486503779,1585728
2011-12-30,413.9303894042969,421.72289249525005,412.4503384107879,420.118027365247,1545410
2012-01-02,420.33203125,422.9533024460554,411.2021398866152,414.0552336585952,2248542
2012-01-03,427.1081848144531,431.4948344764484,420.8313864021864,421.9904558986331,2708884
2012-01-04,418.3348693847656,429.74724433814373,417.0153309446835,429.71158937336554,2386770
2012-01-05,417.9779968261719,422.61427153499454,416.3196283195314,418.26332345291485,2547312
2012-01-06,417.0509033203125,423.8091503607692,412.55729027924724,415.83833001469253,2119728
2012-01-09,417.7463684082031,420.7242759934897,415.5708933567529,417.62155427655665,1509028
2012-01-10,415.6244812011719,422.7928712389717,413.1636788952752,419.0481853275342,3591790
2012-01-11,405.49603271484375,419.0482308178904,404.1229897718827,417.76434707297574,5675380
2012-01-12,388.5558166503906,397.65005558989037,381.1199476362239,392.65714009369447,9528684
2012-01-13,387.2183532714844,393.49515139628755,382.6712346859799,391.28402094900497,4019828
2012-01-16,395.6526794433594,397.2931992071042,384.7752624094126,386.5941004851893,3047202
2012-01-17,393.7091064453125,401.1093187013737,390.16058834365856,399.39748849311536,3704218
2012-01-18,383.7945861816406,390.9808242582097,372.7923529008625,385.1676287438232,11665532
2012-01-19,383.5804443359375,388.3415333923763,379.9605747826715,387.66391526592156,4163292
2012-01-20,384.98931884765625,389.0727916614581,382.6711802904448,385.14978794925406,2572694
2012-01-23,384.34722900390625,389.25098203187764,383.08119525207354,387.3073300637774,2130496
2012-01-24,388.27032470703125,390.5171531389911,384.45432975692455,388.02069645225777,2641310
2012-01-25,392.669189453125,396.94275743187234,390.1837325374611,391.5605693250243,5845238
2012-01-27,396.5135498046875,400.73350854083947,393.4201095464533,395.1724667726536,5209718
2012-01-30,397.5865173339844,400.1613799482417,393.6526727730005,394.27851168042974,2595558
2012-01-31,404.9712219238281,406.2228991104891,398.03334535818595,398.03334535818595,3538120
2012-02-01,403.6481628417969,405.90120018147775,396.3348062564958,403.89852457679143,2288804
2012-02-02,410.5501708984375,412.21312239484456,404.2202771889364,406.2587056974086,3386140
2012-02-03,418.9723815917969,420.5637832073852,408.0470039452606,409.47749300378916,2777558
2012-02-06,426.94720458984375,429.1644881624342,419.6159503509716,423.3173309551973,3427196
2012-02-07,428.4313659667969,432.6155279553705,426.24987942869393,432.6155279553705,3407656
2012-02-08,436.1737060546875,438.74856714039794,433.08026684620825,435.01143448800696,3627184
2012-02-09,439.37451171875,440.5904356129761,424.85506291251266,433.1161248492475,3038062
2012-02-10,441.09130859375,442.73636227506836,433.43818342276484,439.160139639567,2324302
2012-02-13,438.3375549316406,442.71842729993824,434.15339225414687,437.08587711212704,1631770
2012-02-14,436.2990417480469,439.71435088932395,434.5109309212106,438.08715257488313,1826646
2012-02-15,444.02374267578125,446.59864887052976,436.12030029041836,438.8561190232515,2167166
2012-02-16,438.2123718261719,444.16679042887444,435.5838572804904,442.73630157081044,1886660
2012-02-17,439.4281921386719,448.458150919141,436.65662063179525,441.60967840017224,4096568
2012-02-21,442.396484375,443.45145222270486,430.8452718268578,437.56858549999475,2489504
2012-02-22,447.8680114746094,453.0535317309127,439.5175444825358,441.6632770023855,3141826
2012-02-23,450.5323181152344,455.9324028433975,444.8818717356755,446.6878807188047,4086880
2012-02-24,454.1800537109375,458.0602446513969,449.6203720693513,450.2462107260396,2346400
2012-02-27,447.7607421875,457.7383632834688,445.4540535812508,457.398639769893,1861370
2012-02-28,438.6414794921875,450.7469809236017,435.9771681969407,448.9052180615289,3973490
2012-02-29,436.996337890625,443.45143470459277,433.52742074245367,443.45143470459277,3060216
2012-03-01,436.1560363769531,438.7845508761353,432.7407704817758,437.3719606158085,1568594
2012-03-02,435.3153991699219,438.80221382747516,431.64977350428893,438.44459181131583,2309232
2012-03-05,431.7572326660156,437.1751732330247,429.50419569286856,434.15328357297454,1540878
2012-03-06,429.86187744140625,436.7640032516963,425.2127889166656,430.2194996356171,1717722
2012-03-07,426.5894775390625,431.2922164913481,424.3364846907125,427.3583737206973,1945666
2012-03-09,432.20428466796875,438.80239614554586,430.20156562134156,438.80239614554586,2225758
2012-03-12,425.2305908203125,435.8877035920713,423.13846653574143,434.83273582099747,2240278
2012-03-13,428.0737609863281,434.49306182815394,425.5704056589227,425.5704056589227,2492464
2012-03-14,412.8927001953125,434.15332106727016,411.6231240102372,432.758585851777,8065314
2012-03-15,416.16485595703125,418.7576164041294,409.4773395761893,414.4840494050685,4284236
2012-03-16,418.25701904296875,421.9941531918429,414.1264655899611,418.4000329844181,2054724
2012-03-19,401.2519836425781,418.25693142741466,397.60425579875255,418.25693142741466,5132864
2012-03-20,405.84747314453125,409.47734656341703,400.5367931450018,403.7553923756313,3683204
2012-03-21,420.4742431640625,421.92263033462035,406.45547233602736,406.59848627209186,4553242
2012-03-22,417.6132507324219,425.46303918226533,414.8416791690083,420.0987071240454,3421694
2012-03-23,423.65704345703125,426.24980376747203,416.5582532691089,420.20598134729806,3158436
2012-03-26,415.41387939453125,423.78224640906143,412.69595979414083,420.92126921811416,3053384
2012-03-27,420.11669921875,421.86905681221856,411.96289521304817,419.4908603393009,1588246
2012-03-28,416.66552734375,420.08083608506905,412.8568429976041,419.84837297379363,2051096
2012-03-29,408.1182861328125,416.27208673710066,404.97123813057175,411.6229998577344,2681214
2012-03-30,417.9888000488281,420.474256610575,409.65618621936096,409.65618621936096,2543342
2012-04-02,427.0902099609375,428.7889150036961,418.417873690012,418.417873690012,2326988
2012-04-03,421.2788391113281,431.7750391476521,420.3132768911713,429.218032369406,2269154
2012-04-04,421.43988037109375,425.49892742158033,417.34512348529535,418.06036791286226,2165054
2012-04-09,416.3080749511719,424.8552559182501,414.21599340682934,418.41805507100395,1576628
2012-04-10,413.4826965332031,420.43847327735256,412.07010655681887,417.094715033915,1532992
2012-04-11,407.0098571777344,413.05368168403623,405.9727439645724,411.15826637532433,1781586
2012-04-12,404.703125,410.5502385691696,403.79117103244795,407.77866683666866,2114686
2012-04-13,382.06561279296875,395.0651691318302,379.5265042751176,390.2909221906863,8994680
2012-04-16,382.5664367675781,384.19363561524744,376.6835676815067,380.9571364960622,5016110
2012-04-17,390.1122131347656,391.57845559287216,384.01478011451627,388.02013175447445,2473664
2012-04-18,392.5082702636719,398.6414561820029,391.18504190639504,393.3844272077036,2882264
2012-04-19,394.4393615722656,395.8162418739589,390.2015475175137,393.70626230446805,1767416
2012-04-20,389.2537536621094,396.22738454724004,385.3020556868933,390.97035718815795,2450024
2012-04-23,380.5993347167969,394.24262709304475,374.6628163570855,391.22069403757394,2843868
2012-04-24,427.072265625,430.9346015071626,399.57116290927917,401.2519692041796,18113782
2012-04-25,418.79339599609375,425.57031762567857,417.52382002351237,425.2126955100267,5417898
2012-04-26,427.23309326171875,429.82585253250744,416.4507821839167,418.41770301003226,5476292
2012-04-27,430.5769958496094,433.4379725662181,425.5702865955442,425.5702865955442,3711146
2012-04-30,445.8118591308594,447.027783432808,430.57716100248064,430.57716100248064,4604822
2012-05-02,453.1966857910156,455.7536929859479,444.2024796659288,444.2024796659288,3981448
2012-05-03,457.5774841308594,459.2225370856672,450.08531848029986,451.5694152945569,3358922
2012-05-04,456.6120910644531,463.210203895322,451.6947852906174,457.75646476434065,3571718
2012-05-07,455.3424377441406,457.2199541770146,446.4555353595476,450.6039438897445,2627762
2012-05-08,429.3970031738281,441.55615925079906,427.5910370671954,438.0872410085101,9631578
2012-05-09,438.2837829589844,441.5202367771769,427.03654169935294,427.35841032097954,9271544
2012-05-10,440.7872314453125,444.0952365804757,438.08716654864537,438.28387620789164,2992620
2012-05-11,440.14337158203125,442.34275608815943,436.7280632822271,437.72942256055757,2745190
2012-05-14,438.4267883300781,441.3056636465145,436.2989543344795,438.90961308062833,2573752
2012-05-15,438.5521240234375,440.9481753161753,436.22757970911863,437.72957549634924,1875510
2012-05-16,437.51495361328125,444.1309634876657,431.5605359953255,436.2990295540063,4567936
2012-05-17,437.0141296386719,441.6632161241897,428.8067213435598,437.0141296386719,4137524
2012-05-18,432.9552307128906,438.05134595118557,430.0942537370057,430.86315003028363,2656670
2012-05-21,432.4366149902344,438.0870614902472,430.5948961455526,433.0803522160729,2227088
2012-05-22,437.7473449707031,443.45139995161264,433.795603339763,436.6565801136444,2360916
2012-05-23,438.1407470703125,441.86002583252457,434.1890052001415,440.94807196862547,2162806
2012-05-24,436.81756591796875,439.49973209370245,431.68569669940797,438.0871420365021,1205674
2012-05-25,436.5851135253906,438.0871090085447,432.4009084136697,433.47377480307836,915046
2012-05-28,437.97991943359375,439.87533467919343,434.5288999026356,437.7296013392949,790194
2012-05-29,443.5765075683594,446.312325022461,435.726720916397,439.1598839163318,1575032
2012-05-30,443.6481018066406,449.530967733016,440.32219890316304,440.32219890316304,1581514
2012-05-31,445.36474609375,449.1376773257146,436.6566552704313,436.6566552704313,4411602
2012-06-01,437.9439392089844,445.23943751860935,435.7624535071691,443.4513273277716,1479528
2012-06-04,433.88507080078125,434.86853170719144,427.7875957190192,432.7227988204783,1204430
2012-06-05,438.6234130859375,440.1969587248756,434.1531377793136,434.1531377793136,2063398
2012-06-06,447.43902587890625,451.9450568841889,439.55343887837125,439.87530759054584,3291908
2012-06-07,449.2682189941406,452.78211578595426,446.13475151030644,451.7315684106586,2149728
2012-06-08,445.89947509765625,450.13783888247355,443.4542550170556,446.008125013347,2400244
2012-06-11,446.8593444824219,451.3875286540627,444.5227749175261,446.6600866906503,1545048
2012-06-12,452.13006591796875,453.90512272805296,442.34918937075616,442.34918937075616,1092142
2012-06-13,452.9635925292969,456.441231160692,450.1379862672152,452.4564267616701,1450858
2012-06-14,454.26739501953125,456.98430527682507,451.0071027107786,452.45612151466867,1471124
2012-06-15,460.95098876953125,463.68602952251126,452.4561334950129,454.28553747158173,1986040
2012-06-18,455.40850830078125,465.98632793041315,452.81837833260977,462.23700060192806,1495388
2012-06-19,461.4945068359375,463.4144750559543,454.66601237357696,455.3180887329755,1769058
2012-06-20,453.8326721191406,461.5124535001575,450.39125272490867,461.5124535001575,1753740
2012-06-21,443.4179382324219,453.54294066528394,437.96598663285005,451.02528787616865,4155980
2012-06-22,446.8231201171875,449.1596898728719,439.86784634984565,439.86784634984565,1919560
2012-06-25,440.77349853515625,448.65253991024537,438.6905335739258,448.1091577464461,1588758
2012-06-26,447.4208679199219,448.1091608429345,440.8821957026868,441.0451926647314,1109714
2012-06-27,451.62286376953125,456.00618050125155,447.8373202872701,447.8373202872701,2305862
2012-06-28,456.02435302734375,457.85375708204873,447.8374050630211,451.71351294339604,1894228
2012-06-29,462.7623596191406,466.2219105206276,457.49157900456214,457.65457597036834,1990150
2012-07-02,456.24163818359375,463.32373485255124,455.1548741456284,463.32373485255124,2111100
2012-07-03,448.9783935546875,459.9909430597609,445.68188529304484,458.2521031619205,2227292
2012-07-04,452.0397033691406,452.6374327126336,446.13497587729574,450.4639036239775,1301806
2012-07-05,449.41314697265625,452.03949340153866,447.45696285738023,452.03949340153866,1520876
2012-07-06,452.0033264160156,453.83273043835646,444.48654098373163,449.1958523388975,1929928
2012-07-09,456.2236633300781,458.089284228026,450.4094566197038,451.0071858305778,1912768
2012-07-10,457.056640625,460.15393534307685,452.6552823274124,458.25209857035406,2517598
2012-07-11,455.82513427734375,461.69364308419273,453.9957302434402,453.9957302434402,2034538
2012-07-12,447.7469787597656,452.81854648034545,441.69734066701267,443.76217555073856,7859080
2012-07-13,452.60101318359375,465.1350164654226,450.2825743508725,461.4400363592882,7217154
2012-07-16,437.3682861328125,456.1693174718933,435.75627010036663,452.4562060928289,3620626
2012-07-17,429.5978698730469,443.39976549407186,425.72171793975,441.226237231846,6383816
2012-07-18,433.00311279296875,436.29962211622535,426.91721541114913,432.89441868164886,2975286
2012-07-19,435.06781005859375,438.32810172431175,432.98484593882944,435.7923193176422,1335352
2012-07-20,443.0557556152344,444.8488992063858,434.81445882619096,435.0680195007079,3378226
2012-07-23,440.9494323730469,445.652148962297,436.13775439985943,438.67977295173205,2903198
2012-07-24,439.0974426269531,442.54732528893084,434.72152109767586,438.71612207470275,1648092
2012-07-25,440.5500793457031,441.94818099490595,434.6489635353767,437.22728834664485,1666030
2012-07-26,435.2116394042969,443.4005868939595,432.2156894928512,440.4954233434667,2945746
2012-07-27,444.96234130859375,446.74171936472266,436.95496273881815,441.221923729619,1842976
2012-07-30,447.0321044921875,451.3353697434976,441.0583788291843,448.4483807890107,2625712
2012-07-31,451.6258850097656,453.6594908316476,445.30714479272194,448.4846677423132,1979964
2012-08-01,444.7261047363281,452.04349475744493,443.800066064372,449.61039353256905,1295750
2012-08-02,447.685791015625,449.1020230049935,443.7638018761676,446.6507908751538,951058
2012-08-03,449.1746520996094,450.3911805891035,442.3474993587652,445.94264846879184,977736
2012-08-06,446.2693786621094,453.2054467456477,444.9257141214706,452.116010575586,1015540
2012-08-07,459.0340881347656,459.81481549825645,448.3576015426718,449.9372756056968,2099154
2012-08-08,453.6412353515625,459.9781494501703,452.624454785636,459.37895064868667,1643000
2012-08-09,456.89166259765625,460.41415731771,454.0228033844761,454.0228033844761,1129474
2012-08-10,464.8443908691406,466.6419432690868,456.0199379456465,456.1107243159323,3082356
2012-08-13,459.8511657714844,464.49940158796153,456.564681254838,464.49940158796153,1428038
2012-08-14,460.6138610839844,462.3751082755663,457.29107017161346,457.5634293557538,1136930
2012-08-16,458.8526306152344,461.75779535194295,454.69458698824263,461.24938265715974,1788292
2012-08-17,464.31787109375,466.4604386110716,459.0159551610701,459.39727570363937,1287576
2012-08-21,471.5990295410156,473.90499517274037,463.7732243411192,464.7900497253154,2051576
2012-08-22,469.0570068359375,475.35757391153385,467.767822268936,470.60037558240356,1134096
2012-08-23,480.60491943359375,481.5309582388448,469.09322421193644,469.09322421193644,2337314
2012-08-24,480.3870849609375,482.40256050777936,476.81011013688834,479.3521290028124,1578938
2012-08-27,479.515380859375,483.3102773234846,477.5362559334152,477.97201273183356,967200
2012-08-28,490.5736083984375,491.9354049771977,477.5366669519101,481.87624098449965,2266204
2012-08-29,487.8134765625,493.1516988700977,484.79935050926395,490.24653422285115,2139290
2012-08-30,496.4743957519531,504.3365049550696,480.58677959698355,486.57868054685775,3333432
2012-08-31,487.9769287109375,493.5148994367733,484.6723124223643,492.7886081940407,1773848
2012-09-03,485.8341979980469,492.02584650079604,484.07295119003163,490.2464246860785,1223826
2012-09-04,486.9237060546875,489.15706007232365,480.0965962533315,484.0367166389838,1508018
2012-09-05,495.51214599609375,497.8725922760311,483.70991459640663,486.4335064578729,2028960
2012-09-06,499.5428771972656,501.10442037974155,491.57185222100577,495.36670448010517,2291684
2012-09-07,503.5739440917969,507.24174981153595,500.7414352439099,504.77234220428693,2636656
2012-09-10,498.0359191894531,502.55710763373474,496.03861877524446,502.3028791652625,1476024
2012-09-11,505.7345275878906,506.805788950158,495.3485764239829,497.14612869742257,1274180
2012-09-12,513.8146362304688,516.0298151707625,504.73599768066646,507.2961471541368,2114466
2012-09-13,514.8311767578125,517.1008353354803,511.8715774359491,513.124411239114,1881210
2012-09-14,513.1607666015625,522.856775581817,509.1843421201459,518.5716420405291,2814840
2012-09-17,487.37750244140625,516.2294352109145,484.9807513231864,515.0310374871651,5094390
2012-09-18,472.0165100097656,488.43066788273666,469.3837052944126,488.43066788273666,7220206
2012-09-20,480.0782470703125,485.48912271479657,469.03861739436854,470.2733206929309,4042506
2012-09-21,473.5598449707031,483.8187040017997,471.471758619241,481.13141878797524,4247758
2012-09-24,468.25799560546875,476.8100907454521,463.73685139523405,475.72065413293393,4937020
2012-09-25,469.61981201171875,475.62988865331295,465.6615609423622,468.49406966182954,3823694
2012-09-26,466.8597412109375,473.9047711964951,465.55242657004345,470.34592836307974,3292812
2012-09-27,461.7575988769531,471.90749612539213,457.9627024567548,464.8624657706313,5605398
2012-09-28,470.6000671386719,473.9046809522558,463.5550384946778,464.3902905299783,2912996
2012-10-01,473.1604919433594,475.64807450474336,469.565386345522,470.27350245920695,1795618
2012-10-03,480.3144226074219,481.1678056988418,472.4523133692024,472.4523133692024,2318230
2012-10-04,478.3170166015625,479.95117105231657,475.23028041680493,479.3519722211848,1319284
2012-10-05,473.54168701171875,479.1159610412844,383.11846610227246,475.8113461710924,3836110
2012-10-08,469.4381408691406,477.6270891156281,466.80533615818206,475.72057535941667,1685408
2012-10-09,470.2191162109375,471.65356806553893,466.642140575113,471.3267281284588,1291154
2012-10-10,468.2215576171875,472.72456987575214,466.64188384124566,467.00502927614156,1163978
2012-10-11,468.25799560546875,472.65209207272346,467.0233362413796,468.54852976718934,1635526
2012-10-12,471.5263977050781,477.046237552793,462.3569710888979,464.3906219602812,2469542
2012-10-15,470.1462707519531,472.96064801964496,467.5497718907429,469.91021734106505,814528
2012-10-16,470.6000671386719,475.7930190373705,467.6585986744766,470.99951815714616,1282744
2012-10-17,465.9701232910156,473.86853734139726,461.9210423947338,472.5612225023628,1597480
2012-10-18,474.7582092285156,476.0836990260612,464.8988011036531,467.09584887282324,1447128
2012-10-19,468.3486328125,476.2289150639453,465.55243079605896,475.3573571856796,2825616
2012-10-22,478.9526672363281,484.7629959450456,473.1786442161821,481.2041518792401,5397342
2012-10-23,477.39117431640625,480.8047516608239,476.4106989744956,480.8047516608239,1136696
2012-10-25,477.6634521484375,480.7683640844875,473.63254573147384,477.5363600819537,2254470
2012-10-29,475.1397705078125,479.2796397242678,472.3798724732764,476.0839403184035,815628
2012-10-30,476.26544189453125,480.0784705944112,473.6871170680906,473.6871170680906,805268
2012-10-31,478.81329345703125,479.28648286109774,474.6275444074259,476.4838242301953,999536
2012-11-01,478.72222900390625,480.57850855560025,476.88412169991193,478.59484554631496,1579768
2012-11-02,484.5277404785156,487.00280990060696,479.86884638466165,482.23470457924606,1673974
2012-11-05,483.94537353515625,488.9500734511411,482.3802940381697,486.2384538144885,1223826
2012-11-06,480.6511535644531,486.7841738237768,480.2507422298132,482.270837851289,1297466
2012-11-07,484.6367492675781,485.3100997401228,480.99696895013483,482.27089206124,1058390
2012-11-08,484.5277404785156,485.8016641217534,479.2136678814814,481.9071153276559,1239044
2012-11-09,482.2527160644531,485.273751755115,480.77863157009944,484.09082305216793,711382
2012-11-12,485.72869873046875,490.6424023144787,480.45101710319875,480.45101710319875,1466782
2012-11-15,471.0422058105469,481.1789856925466,469.89566605830385,480.4874185062004,1735402
2012-11-16,468.36712646484375,475.6466898576394,465.9284460696998,473.0988426701609,1598890
2012-11-19,459.4677734375,471.3516680074239,458.0664665539328,469.56816632337336,1676286
2012-11-20,463.2713623046875,466.94753237810113,457.1747288815917,464.07209638490434,1256040
2012-11-21,466.69268798828125,471.2424141012185,464.5270361308908,464.5270361308908,941744
2012-11-22,464.59979248046875,467.3842336189411,462.6161297593748,466.6562774745518,611624
2012-11-23,469.0220947265625,470.04125101368464,462.7070846016625,466.6198485422468,749676
2012-11-26,470.8784484863281,471.6064046836825,467.71185680020454,468.8037910962362,456334
2012-11-27,471.42437744140625,473.13510102514516,468.9129643087345,473.13510102514516,1338160
2012-11-29,472.47979736328125,477.53910006878857,470.3869240207542,476.81114412356175,3470578
2012-11-30,478.26702880859375,482.2707862795942,469.93192482369426,471.35144772232036,3579294
2012-12-03,479.286376953125,481.17904528930796,475.06419547392903,478.6311986047201,1319512
2012-12-04,472.9712219238281,481.1061662431998,470.5871925432734,478.6674868423666,1595120
2012-12-05,472.4072570800781,475.91965516810586,469.022242460336,473.1716023207185,1790058
2012-12-06,466.1467590332031,471.3516639050644,461.8882328150786,471.3516639050644,2370092
2012-12-07,460.12298583984375,466.14679754586734,457.53874986871705,464.67271270130857,1957214
2012-12-10,450.31378173828125,461.0875712965356,448.1299126814886,459.3768472101569,3029430
2012-12-11,443.9439392089844,452.4246441976016,440.5407538689007,449.51282026069026,4926914
2012-12-12,446.16424560546875,451.6966933764759,444.45352236443466,445.8366565226403,2487948
2012-12-13,444.9814147949219,449.367323954229,442.9977076212408,447.7294226114606,2297162
2012-12-14,452.3884582519531,453.15280349214,442.6520425945919,442.96141514050953,2196814
2012-12-17,438.7755432128906,454.57219961084417,437.53800894560123,451.0234135914948,4482898
2012-12-18,440.6499938964844,445.87306953919,435.6816850925799,442.12407820253725,4688482
2012-12-19,448.65765380859375,450.0771774112005,442.63379794474156,442.63379794474156,6642060
2012-12-20,455.71875,456.7924675098281,446.65568737597243,446.65568737597243,2314030
2012-12-21,458.1391906738281,460.2138923845305,450.4956510080061,454.972599156069,2457968
2012-12-24,460.8690490722656,462.65255063538746,458.6487915647107,459.34035883582976,1254818
2012-12-26,459.41326904296875,461.94294420681024,456.90185499254324,461.1603821858962,1435258
2012-12-27,455.3183898925781,460.39591108482574,454.1172888119769,460.39591108482574,1994158
2012-12-28,461.3421325683594,462.98003363073224,455.2455008361937,456.42842938124073,1501622
2012-12-31,457.1019287109375,460.6507155020129,455.7006217873132,458.97642497907503,704170
2013-01-01,460.12298583984375,461.4879038982832,458.6124676356522,461.1420979982561,509580
2013-01-02,459.81353759765625,463.12572932131184,456.9927074079578,461.160238754564,1880246
2013-01-03,466.1103210449219,467.34785540491913,458.59416479572303,460.432271874784,2635130
2013-01-04,472.8803405761719,473.535518943543,466.2195678521983,467.7118692101866,5228760
2013-01-07,471.2970886230469,474.6274975109383,469.6227980548222,473.1715849418864,1820752
2013-01-08,473.26251220703125,474.73664124603107,471.0968603407665,471.3516272317673,2341870
2013-01-09,464.6542663574219,475.8648055754228,463.39856013668447,473.5353376875507,3135898
2013-01-10,458.0298767089844,466.6561366443474,456.90155391187625,465.8554028995361,4522838
2013-01-11,475.4826965332031,481.3609506771826,469.53166455468096,469.53166455468096,7805006
2013-01-14,485.72869873046875,490.8061746615803,475.84668596977707,480.0870390599388,5790224
2013-01-15,486.802490234375,509.56933807577127,482.9989368761061,505.92955708951575,8262978
2013-01-16,490.5514221191406,493.1902630097834,476.4472725312225,486.6022691207065,4109492
2013-01-17,495.7383117675781,499.305315924182,488.8227259206002,491.2613621047929,3028544
2013-01-18,491.7342834472656,497.2121701803111,487.0207860674144,495.92003049363393,1440470
2013-01-21,484.0909118652344,493.15397616904653,483.0353664043059,492.280419772729,1260038
2013-01-22,479.5408935546875,484.70936207339247,476.11949233498694,482.6347057711693,1386630
2013-01-23,478.6110534667969,482.91581661385436,473.6679192304932,479.99734520089055,1877654
2013-01-24,484.66650390625,487.7126469390312,476.07524319882185,476.07524319882185,3498470
2013-01-25,489.02630615234375,490.6679461207776,482.91575738095116,482.91575738095116,1521100
2013-01-28,490.68603515625,492.47356243510643,488.09585736234345,488.953193564948,2428154
2013-01-29,490.6494445800781,494.88126113738167,488.9531197463364,489.2814119513754,1731804
2013-01-30,491.0873718261719,492.43714656444604,487.31160967724236,489.2085976119505,2279144
2013-01-31,490.35760498046875,493.3854903597428,483.88225079357466,492.0721879944968,4313168
2013-02-01,491.79852294921875,493.2212855640376,489.6279293352872,490.3028164186882,1484540
2013-02-04,494.8082275390625,498.98531350370206,490.72238827365794,492.1268927378715,2487304
2013-02-05,496.1581726074219,497.96395815924745,490.7042549177147,490.7042549177147,2161994
2013-02-06,499.9886169433594,501.94033471986876,496.8694845249354,497.05188888783,3573706
2013-02-07,506.04443359375,507.0841295572424,496.50467649453736,496.50467649453736,2612782
2013-02-08,518.9768676757812,524.230122064308,505.2965408995728,505.6248776486645,6973618
2013-02-11,516.094970703125,521.2752821732981,515.2012069921519,519.4877102190294,2312126
2013-02-12,514.3987426757812,516.2045286911324,511.4072833519536,514.0339338215825,2225502
2013-02-13,523.6464233398438,525.926477742943,512.5927017806937,514.3073294112119,3822666
2013-02-14,528.133544921875,531.0885310610579,521.3116399447601,521.7129206141824,2946958
2013-02-15,526.1090087890625,529.6294225416715,521.913707677077,526.783896148439,1820790
2013-02-18,519.980224609375,526.0178281834775,518.0285063966694,525.3611545173685,952086
2013-02-19,526.619873046875,528.5715916354736,515.3654835475938,518.6122914645431,744294
2013-02-20,529.9942016601562,531.5263806892973,525.8718447245176,525.8718447245176,2261518
2013-02-21,529.355712890625,531.4715767549175,525.5799069990663,525.5799069990663,3849146
2013-02-22,530.8331909179688,534.098255874201,526.1636657455628,528.9726752425446,1310694
2013-02-25,537.618896484375,538.093165901156,529.520156139341,530.067369528393,1730030
2013-02-26,545.8998413085938,547.1948856965446,534.809646018125,535.1744547807568,2853670
2013-02-27,541.0842895507812,548.3257784541213,538.9319536735013,545.4802525523082,2556682
2013-02-28,553.414794921875,556.3332645061697,541.8321187592056,542.1969274572424,4599424
2013-03-01,547.8880615234375,553.0501147063497,546.4835566161688,552.7217778953762,2537326
2013-03-04,552.0286254882812,554.4728710221852,543.9298884232778,543.9298884232778,3136076
2013-03-05,561.8602294921875,562.8999255681404,550.3504951195221,553.4148976583726,3440054
2013-03-06,569.5392456054688,571.1079406107425,560.4008156577815,560.4008156577815,2299510
2013-03-07,580.0094604492188,582.818470107754,568.8645349410704,569.466478305705,3908702
2013-03-08,577.5470581054688,582.1071680855639,574.537385518606,580.0459894680961,4341502
2013-03-11,571.3633422851562,579.8816606707348,567.8794460771148,574.5736765128823,2221330
2013-03-12,569.2841186523438,572.0019263337816,564.7240087624659,568.3720966743682,1809452
2013-03-13,566.0735473632812,568.6272078364613,564.723773211808,567.6605005688867,1794496
2013-03-14,571.91064453125,575.3033836300101,563.1917512612524,568.0072088217664,3051218
2013-03-15,572.8409423828125,576.5437601191985,569.3205290222847,573.4793576983163,4212398
2013-03-18,571.6371459960938,574.0813917381256,567.0588221581621,569.0470123561827,1694988
2013-03-19,564.2680053710938,570.743361501908,561.9696921427203,570.743361501908,3739910
2013-03-20,568.244384765625,573.7165162700628,561.7872428709965,561.8055011222726,4168136
2013-03-21,569.0833740234375,574.3548870161283,566.8033194069579,570.1960584892063,1664604
2013-03-22,562.5900268554688,569.8679462458438,558.8872077929325,569.6125978411176,2714456
2013-03-25,563.0276489257812,566.1832539318016,557.5737752140457,564.9064231400739,1857316
2013-03-26,567.77001953125,572.7496672645669,560.4009014978411,561.8418780707091,1781536
2013-03-28,574.8474731445312,577.6382694027689,562.4075018293694,567.642499262504,3065662
2013-04-01,567.9524536132812,574.0994717122829,565.9095336633287,570.9256536232776,968812
2013-04-02,571.7828369140625,573.1873413303491,562.2613399182584,567.6422675833318,1130332
2013-04-03,563.0457763671875,574.5737227877682,558.5221394209989,572.7496792233627,959932
2013-04-04,550.0587768554688,561.8420754557918,547.5780589752279,561.8420754557918,1126338
2013-04-05,546.6111450195312,550.6240410005677,541.4126206804613,549.0371319508936,1865248
2013-04-08,540.1906127929688,546.8119012011671,538.0929622621164,546.8119012011671,896416
2013-04-09,546.2647705078125,551.955779553117,539.041537602249,539.9170877320643,1672354
2013-04-10,558.3214111328125,561.4040711133896,547.5778136153089,550.8246196844462,2046284
2013-04-11,560.6744384765625,565.4898949757779,554.7645114650086,561.8053364161336,2244658
2013-04-12,551.4994506835938,556.1507607522002,539.3148334405482,540.6099219000229,5032060
2013-04-15,537.1626586914062,552.3204809858145,528.37077618984,552.1380765997558,5391496
2013-04-16,541.0659790039062,544.8234815243178,531.8727739502631,536.2687361650836,3071582
2013-04-17,531.3986206054688,546.8482606918684,522.0412682121839,545.3890258401223,5279004
2013-04-18,529.975830078125,545.3525254329045,520.746152309271,542.8170782908414,8554458
2013-04-22,519.9619750976562,532.547878083921,519.8525146500642,527.5134990764863,2962484
2013-04-23,521.877197265625,528.2430924102655,519.4876820388246,519.6518281703611,3384170
2013-04-25,511.5713806152344,521.8772288639437,510.23981963415787,521.8772288639437,7929194
2013-04-26,499.5507507324219,508.3426309027462,498.00031386203426,508.1784848117464,4754076
2013-04-29,500.0616760253906,505.15074110908944,497.96402536907397,497.96402536907397,3968916
2013-04-30,502.85235595703125,504.16565846190167,497.9639101306048,499.058336306716,4020570
2013-05-02,523.099365234375,524.8869373223778,501.06490404936477,501.06490404936477,5630326
2013-05-03,517.481201171875,527.9694525174452,513.6142374083195,520.2172667402846,3641790
2013-05-06,535.2472534179688,537.1442851880626,518.0283023090692,518.0283023090692,3727118
2013-05-07,536.8526611328125,539.4975251296763,531.672393600162,535.2110214106211,2260180
2013-05-08,539.9531860351562,542.7622389021271,536.2686281765931,536.9982453577858,1768130
2013-05-09,546.6476440429688,548.471687760997,541.0113667671883,541.0843107029825,1949700
2013-05-10,545.7176513671875,551.18978495694,543.9665508055318,546.6478873580431,1139714
2013-05-13,529.556396484375,540.2817831247124,527.4040158558072,539.9169743582542,1862498
2013-05-14,531.873046875,536.4696740266835,526.6927790001043,530.8333505553879,2250100
2013-05-15,536.8342895507812,538.8954231922456,528.9726438244643,531.9275855490208,3565926
2013-05-16,530.4503173828125,535.9041917871839,528.0425433867682,535.9041917871839,2415652
2013-05-17,537.6553955078125,539.369979591448,530.4686331793791,530.7969701085943,2900200
2013-05-20,537.14453125,539.1874517955337,532.9857016733929,536.7249921882132,1385504
2013-05-21,544.60498046875,547.9429909512523,534.4450610809484,534.4450610809484,1898432
2013-05-22,546.6295776367188,550.5512726873395,544.4042526074835,546.4836451934856,1846944
2013-05-23,544.550048828125,556.971805616821,539.315051734523,545.3891268361863,3063962
2013-05-24,536.1046142578125,548.2891885610311,533.9339758893865,547.2130207664476,1586612
2013-05-27,546.4835205078125,547.2131380251793,532.6207876778412,536.086470885334,2023864
2013-05-28,552.3570556640625,553.2326057864118,543.6746319926149,546.4836422473096,1400254
2013-05-29,546.2464599609375,557.2454544328028,541.777552061231,553.0501531392008,1452038
2013-05-30,546.9944458007812,551.5910288009893,542.4708067639359,547.2133222232037,2408346
2013-05-31,546.6476440429688,550.5875962868367,538.7313121196529,543.9298367160335,1929868
2013-06-03,536.0501098632812,549.7669131223091,531.5629433898293,548.6724866197432,3097612
2013-06-04,534.572509765625,537.6916424894249,529.0274344036692,532.6207917980345,1305320
2013-06-05,535.4664916992188,537.2358058601648,529.9578419871798,533.0222454846296,1728676
2013-06-06,541.3370361328125,544.1895685346682,534.4541694707617,535.0614468766255,2540452
2013-06-07,559.0777587890625,566.4575518848068,540.3246823696533,541.0976174115168,3550844
2013-06-10,561.3231811523438,568.5556950632166,559.1331454594426,561.3231811523438,3360430
2013-06-11,552.6735229492188,567.5618825045538,549.158449219711,563.2186542772281,2205468
2013-06-12,540.3616943359375,550.2995500608157,538.1349054742626,549.9314813302647,4805954
2013-06-13,532.0984497070312,538.8525004084772,528.2153075004283,537.3802258171972,3151342
2013-06-14,533.9572143554688,536.368082173678,526.7062793553152,532.9634468948263,3105996
2013-06-17,534.6014404296875,539.2207212355875,525.6021774228115,534.8038962152277,2584162
2013-06-18,531.4175415039062,537.380235736552,530.0740819285137,535.5398924634817,2291528
2013-06-19,525.4915771484375,535.503071072534,523.9641282430571,535.503071072534,2139788
2013-06-20,516.9525146484375,527.4976924096256,514.9649345843488,523.0256484979919,4172878
2013-06-21,523.48583984375,527.0192912637423,518.2408595535243,518.5353325594706,2848224
2013-06-24,519.2344970703125,527.8473136355755,515.3329778367223,520.817210452272,1889164
2013-06-25,512.4620971679688,525.2708616743053,508.1924640689262,520.2651360650382,1860548
2013-06-26,529.1721801757812,532.8712873816464,508.32113103611033,514.1550090505784,2326488
2013-06-27,549.1217041015625,550.9988454909302,530.7550669324792,532.8898833707477,3820678
2013-06-28,558.7833862304688,561.0470172367761,536.7176454325768,550.2625886641014,4817096
2013-07-01,549.2872924804688,558.2497559644875,545.9930957253803,556.5198511189595,1354652
2013-07-02,552.3054809570312,555.2316090185353,547.1893172707092,549.5633423070043,1657242
2013-07-03,548.3485717773438,559.0961560143429,539.220453298889,551.2562775267047,1530906
2013-07-04,566.2001953125,567.1939629991191,548.4224561120619,548.7353055741257,1917060
2013-07-05,563.2188110351562,573.4511407615458,560.200665108519,567.5620404713117,1293012
2013-07-08,554.5508422851562,564.9855833233474,552.1031758860073,562.4091018358795,1658796
2013-07-09,553.90673828125,560.1086884875831,550.3732868372202,550.3732868372202,1097326
2013-07-10,556.5015258789062,561.9673827339884,551.3669848135306,555.7838097920102,1322624
2013-07-11,575.8619384765625,577.8678950445798,559.4644588966632,559.4644588966632,2335274
2013-07-12,592.5353393554688,598.0379929295849,581.2908684462236,587.0695285925551,3251536
2013-07-15,604.276611328125,606.3194099872175,588.6521175591681,589.3146140670711,2060570
2013-07-16,607.0738525390625,613.3310178744533,595.3876761038472,598.1113923535365,2224986
2013-07-17,617.8031005859375,620.1771249127842,605.4912247751346,605.4912247751346,2999250
2013-07-18,611.1412963867188,622.8826972470674,605.1049605436614,618.3554341322086,3445532
2013-07-19,641.4703369140625,647.4330336348949,625.7169739507227,632.7102813066426,8550804
2013-07-22,642.8319091796875,647.3591716309827,636.133077597212,640.8075315670403,2974772
2013-07-23,644.046630859375,655.3279005986697,641.7645779554524,643.3840892255965,1646502
2013-07-24,656.1929321289062,659.5791463815274,642.2799165378154,643.5681570580919,2181644
2013-07-25,660.9594116210938,666.2043909420463,650.2669972087303,655.1623292137251,4088808
2013-07-26,653.1380004882812,662.1372635034598,644.1571139525438,660.6834099050238,2379064
2013-07-29,656.3473510742188,662.028424313902,648.2500080530594,648.5266832592281,1774262
2013-07-30,661.1798706054688,665.8464222803856,654.9638659831772,656.6423799671472,2617484
2013-07-31,669.7383422851562,675.640745742365,660.1284736436824,660.3313867752297,2826750
2013-08-01,669.7015991210938,676.8582737924403,660.331522697688,667.7279915651957,2141178
2013-08-02,680.9343872070312,682.4284509464543,670.180937970097,671.2876385084074,1846854
2013-08-05,688.8104858398438,692.5732951742933,678.7764176781772,678.7764176781772,2355184
2013-08-06,689.8803100585938,694.251768771036,687.8698218208838,690.9501297303062,2305290
2013-08-07,672.3942260742188,697.5532411037647,668.9818999877515,691.318820112409,2694980
2013-08-08,680.7685546875,684.7342325167361,658.0073814299384,665.9018560684462,2158628
2013-08-12,669.1847534179688,679.1450557014776,667.0266969295582,679.1450557014776,2077574
2013-08-13,671.3245239257812,680.5654458423916,667.6908213528186,671.4720479632202,2168296
2013-08-14,676.3783569335938,685.4164096987276,664.7580033784216,673.0582559178303,3302068
2013-08-16,656.974365234375,675.0873557736433,647.6227543123875,672.9477166333498,2779930
2013-08-19,655.7015991210938,666.6026173230033,647.6227213006943,663.2825157425347,2121352
2013-08-20,640.5585327148438,660.2578190570858,638.1975616307789,660.2578190570858,2724844
2013-08-21,633.69677734375,643.2512564345783,627.5545800483873,641.9232247297934,3623994
2013-08-22,656.2551879882812,662.9692006445026,625.3597870480733,628.9750280961752,4260988
2013-08-23,674.884521484375,678.0386365277196,658.228711786597,661.8070260776545,4032884
2013-08-26,679.51416015625,693.0158983060967,669.1849546815622,672.5419374544833,2663238
2013-08-27,678.3338012695312,693.1082293404393,675.0874610398017,678.4075633072106,1945284
2013-08-28,703.8245849609375,717.9165522731818,674.3494548168059,674.3494548168059,4444684
2013-08-29,718.2858276367188,726.7336542482958,692.9055118069116,701.2795313330001,5905182
2013-08-30,750.0479125976562,756.2454543336823,711.97742773854,715.2975297331757,5282942
2013-09-02,758.7723388671875,763.2544398374429,744.2560813784636,745.1783317890936,2154034
2013-09-03,738.2061157226562,762.5166457522661,732.6910762346358,756.2822689507677,2355064
2013-09-04,763.2916870117188,766.8700020977304,735.5687739664717,737.800638911891,2626516
2013-09-05,734.3883666992188,763.2548188876974,730.810051341602,763.2548188876974,3927492
2013-09-06,733.6689453125,747.0231183538185,728.5781030858229,741.1207134680599,2759596
2013-09-10,733.3369140625,743.9612156644005,730.7914929907055,732.6359944874008,4300972
2013-09-11,735.5132446289062,744.4406115515566,731.7135545156158,740.7516095121534,3008494
2013-09-12,725.9588623046875,737.2656647729018,717.8061752096684,735.9560507801081,1905568
2013-09-13,720.73876953125,734.1114018514075,718.0827060900205,724.888896803023,2096320
2013-09-16,701.851318359375,732.267131580315,698.7156656548749,719.3556204441381,2460506
2013-09-17,718.4144287109375,720.2958551074823,699.8403190531184,700.9101382705122,3327816
2013-09-18,721.015380859375,724.8150706156711,714.8916470556651,716.4225917645323,2109818
2013-09-19,725.3685913085938,734.1115093621589,710.6863431086427,718.6176986118018,3907240
2013-09-20,719.4661865234375,734.0746276391288,716.0353961335827,719.3554984340475,3591858
2013-09-23,721.23681640625,729.3895023217007,715.6664320497417,719.3554342768023,2988758
2013-09-24,715.4819946289062,729.6477724384304,710.5018415340414,721.1999481822695,4940300
2013-09-25,722.6939697265625,727.0838461716831,708.3621606355925,716.219753070342,4333858
2013-09-26,716.7362670898438,728.2459362726721,713.8588272782534,721.1261888406478,4919704
2013-09-27,718.6546020507812,723.7638617488783,714.725805195878,716.8101007134343,1784666
2013-09-30,711.165771484375,723.7267953553029,708.2883321224239,720.8309380037584,1987350
2013-10-01,719.0048828125,721.144476745108,707.0709264791108,712.7151170022355,1591994
2013-10-03,746.8753662109375,751.4128568677077,723.1919904229172,727.3974618798663,4672354
2013-10-04,750.1953125,763.2543864066878,747.7421175731055,749.6050812848669,1934032
2013-10-07,770.9094848632812,773.8422245510901,747.1338759830928,750.7121912653558,1993878
2013-10-08,760.4693603515625,773.9526817571303,758.661785251804,768.4191783127276,1828106
2013-10-09,771.3150634765625,773.823512929752,754.437833325879,758.2744046324889,1775858
2013-10-10,767.3124389648438,773.952642763578,762.6089612740736,770.26364065317,1164320
2013-10-11,782.8247680664062,788.7087088498429,768.197819591477,775.7972005197472,2284448
2013-10-14,816.2842407226562,820.8032699617715,783.9132353567481,784.8354862218737,4374460
2013-10-15,817.2613525390625,833.2901360339127,811.9492264288134,824.4918314713303,4665092
2013-10-17,777.8077392578125,822.6475841083549,773.1042609181795,822.6475841083549,6687214
2013-10-18,782.3082275390625,787.1593195447258,760.5062782401571,776.4612130003314,5346166
2013-10-21,764.2321166992188,785.0012174229993,756.2454628366252,783.9129797696723,3685372
2013-10-22,770.7615966796875,777.5123976563578,766.1503446117341,770.2635454309418,2044614
2013-10-23,760.3583984375,775.7969035128345,754.8249420176606,770.4478521096314,2455496
2013-10-24,741.010009765625,768.1795707215991,738.4830517334567,753.294407688236,3617758
2013-10-25,764.3153076171875,765.8862615803712,737.4242721297493,737.4242721297493,2527402
2013-10-28,762.9108276367188,772.465962142874,758.6970098902613,764.4078727088048,1803942
2013-10-29,765.0731201171875,770.987300053943,756.9780773044308,763.2988480875159,1829076
2013-10-30,773.2608032226562,776.2363941154166,765.2397118654483,765.2397118654483,2114874
2013-10-31,780.690185546875,786.9555013393316,768.621508987263,772.1700527467655,3523076
2013-11-01,775.3489990234375,791.742311823431,772.9463635071237,779.9324522188094,1346480
2013-11-05,754.7972412109375,778.0843255382093,750.9899696929127,776.2361442423942,2261286
2013-11-06,772.9464721679688,777.5484258705916,761.0996111772986,762.5596564553599,1667750
2013-11-07,784.349609375,794.0340609125848,768.9542959201348,776.2361118733495,1956948
2013-11-08,772.8541259765625,787.9722151757063,765.5907182346508,787.3253516239026,1609346
2013-11-11,774.258544921875,791.0215851722312,757.7543222444272,772.5397724345622,1961138
2013-11-12,771.4862060546875,784.2571555966838,768.4737069371898,775.0717496091904,1000682
2013-11-13,757.3847045898438,778.5278808323347,755.4071596026705,775.8480179195597,1208338
2013-11-14,748.9569091796875,765.8862665171764,747.3490006077982,765.8862665171764,2129704
2013-11-18,755.53662109375,761.4138023523202,751.193394431396,756.2758937171294,2831602
2013-11-19,750.3247680664062,759.6026305884423,747.1089050391179,757.7359491410243,2077864
2013-11-20,747.99609375,757.7175024859625,745.5565029135269,756.5901387141743,1658696
2013-11-21,734.3193969726562,752.0988923419983,731.8798066415075,747.8480752832218,2302882
2013-11-22,739.5867919921875,743.3386095130592,733.7650201871996,735.9458834114872,1494494
2013-11-25,744.17041015625,749.1974556845759,736.7222283939893,742.2298192443809,1950998
2013-11-26,736.94384765625,745.3530731890716,734.467302580945,740.4184377798491,2047412
2013-11-27,734.2640380859375,744.3366276450341,730.0317203381946,742.5993550174344,2120978
2013-11-28,733.5802612304688,737.9974425055713,728.1835797651631,736.7221700771712,2805722
2013-11-29,740.8805541992188,744.706281113909,732.5452821973339,736.3155546393083,1924812
2013-12-02,744.4105224609375,747.0349310568535,737.424387658794,737.424387658794,1253260
2013-12-03,746.9610595703125,754.7973311496634,744.8356508268695,745.205287130077,1449184
2013-12-04,739.291015625,750.9530124882006,736.9253345502342,746.6282863196296,1519036
2013-12-05,734.5228271484375,751.6739615336852,733.0073272507836,745.1868260263253,1397190
2013-12-06,739.3834228515625,742.9688764954574,735.945787613162,735.945787613162,1446962
2013-12-09,741.0652465820312,750.3431076805203,739.2725197459699,749.9919712822865,1826340
2013-12-10,769.8601684570312,772.1703958260656,739.2727580910155,739.2727580910155,3653334
2013-12-11,760.7300415039062,771.3755854996945,755.166996875242,768.473904309167,1556062
2013-12-12,749.9552612304688,762.9294891584007,748.5506249362737,755.9063979306828,1655964
2013-12-13,739.9380493164062,755.9063212821272,737.4245041358649,753.3003670158547,3463350
2013-12-16,746.3510131835938,753.9840104633149,741.1761058917978,744.3364686291782,2858500
2013-12-17,756.0354614257812,763.6130493367565,750.3615542639205,750.9529632134024,2995474
2013-12-18,759.8983154296875,765.5167690807152,753.318771311684,754.0580439037466,1587990
2013-12-19,769.3980102539062,779.932645513208,762.4303294324743,767.3465106021305,2161986
2013-12-20,783.8325805664062,787.3256269188706,771.0062139887298,771.8378959889963,1965812
2013-12-23,779.5812377929688,792.2966868473895,775.4782399170813,787.3065981977377,1321224
2013-12-24,780.191162109375,786.9555230759568,777.8070265066144,783.5548878543804,870156
2013-12-26,776.3470458984375,782.5199533200067,773.075728938189,781.7806808086038,2297194
2013-12-27,798.6546630859375,802.0737989790459,778.0844383776673,778.8237110032043,2479946
2013-12-30,796.9544677734375,804.0514676208086,793.4983318153152,802.1108767898654,1668776
2013-12-31,802.8685302734375,807.6368023678053,795.0506685109336,798.4513946096534,1245776
2014-01-01,795.9378662109375,807.4705007711524,795.1246843961396,805.8441371415565,529952
2014-01-02,801.0018310546875,809.1338293395066,796.9912412578354,800.632194769014,1726948
2014-01-03,821.40576171875,823.9563063157742,793.7015392878876,800.1516746263977,2618174
2014-01-06,827.8378295898438,829.4641938726767,812.0912807211545,823.9196471221909,2311810
2014-01-07,815.4732055664062,834.0659322049911,812.8303417349185,827.9854322356605,2897486
2014-01-08,825.2681884765625,829.4635952539406,816.8959650228203,817.6352373893568,2550020
2014-01-09,828.7059326171875,833.7145216114468,821.3687075549677,823.8267524014684,2582206
2014-01-10,843.1034545898438,853.7859984902104,826.1371834301198,835.3780915221793,3369334
2014-01-13,875.5759887695312,881.2129423647757,844.6189485333525,844.6189485333525,3814316
2014-01-14,860.0511474609375,881.5085498912771,857.5561027653918,876.7771878273746,2974964
2014-01-15,869.975830078125,879.0688268040208,860.1434706804092,865.8543321427296,3048854
2014-01-16,868.7562255859375,879.771405522264,859.4044090219116,879.734405794473,2997962
2014-01-17,818.0234985351562,849.4240790574113,815.4360448565653,849.4240790574113,7564756
2014-01-20,864.2835693359375,868.6452956777754,818.929213861324,820.2044410339909,6010558
2014-01-21,842.8815307617188,864.6715689225362,840.9594403745837,862.7309786748741,3132282
2014-01-22,840.5712890625,848.9990131770247,836.8934266130952,845.3950599251679,2384030
2014-01-23,832.5872192382812,841.5508990110656,826.9872657043296,838.3720811551103,2290762
2014-01-24,831.2007446289062,843.9716909252037,826.1367477139298,829.4634728725093,1850266
2014-01-27,825.6096801757812,836.681463334232,822.0918780506761,824.2765821562294,2532948
2014-01-28,819.2218627929688,832.3673302124156,813.2045713685741,826.4981205691681,2852166
2014-01-29,818.27783203125,829.4607218974514,816.5003981178037,829.4607218974514,1698076
2014-01-30,821.166259765625,824.6469967379661,810.9460812106627,813.926974156198,2225250
2014-01-31,829.849609375,840.495590388234,822.4251767093084,823.9434223371638,2174246
2014-02-03,812.5936279296875,831.0343320918907,811.2420877017989,822.7952705394591,1362480
2014-02-04,796.6342163085938,805.3916572476177,782.0816041451014,805.0213622327913,2694166
2014-02-05,812.5750122070312,814.6486996039946,792.431007796613,801.2440436276783,1853650
2014-02-06,805.484130859375,810.9089159905233,794.2827080534925,807.2430319611252,1922652
2014-02-07,794.0607299804688,812.7976971096364,789.0988120914054,810.946221717587,1990912
2014-02-10,775.231201171875,793.9125679096453,772.1022261562152,793.9125679096453,4019270
2014-02-11,778.2489624023438,787.4322962351557,776.1382990401535,777.6194790001538,3568786
2014-02-12,779.637451171875,786.358358470383,775.7678871900874,784.2846706771385,3074348
2014-02-13,790.1168823242188,791.8387177514974,776.3233948647801,780.2114920009977,2094350
2014-02-14,802.7625732421875,809.0020807670919,788.024903116859,791.6537221502947,1910062
2014-02-17,801.836669921875,809.4647822566334,795.0973197332094,799.8371133002416,1670394
2014-02-18,802.058837890625,811.3162113658169,798.3003804213123,801.6885429516174,1526916
2014-02-19,813.8897705078125,820.203317511224,800.6702588210583,803.5400446949689,1072918
2014-02-20,810.70556640625,822.7956645595946,808.2801155608697,816.8709433026398,1587924
2014-02-21,816.7593994140625,819.462570121114,811.2235090342659,813.9081469164973,1717860
2014-02-24,806.4655151367188,816.5931204374264,803.5772862064078,816.1302516467919,2450424
2014-02-25,810.5385131835938,814.4636754921571,807.2429245614469,810.5755788371594,3305374
2014-02-26,808.0391845703125,812.7975114023293,806.1877096012867,812.4272164085241,3859712
2014-02-28,842.6987915039062,844.272545151667,799.8926561231942,800.2074430143651,3988192
2014-03-03,829.479248046875,851.3081179848604,825.0171756721483,841.2361130951653,1606078
2014-03-04,829.7013549804688,834.6448287926542,823.5359801396908,826.9426756457912,2030332
2014-03-05,833.8671875,846.5868555870032,830.4049838529833,834.9596299594759,2302006
2014-03-06,829.7384643554688,836.8666426166951,826.5538914122114,834.2190697098582,1314562
2014-03-07,825.2023315429688,833.1822061392593,797.1710207039648,831.4973459635343,4698472
2014-03-10,793.4124145507812,825.2022712120856,790.5796944302458,825.0541893981634,3829768
2014-03-11,796.7450561523438,806.3727244070147,785.7658475543046,797.9855803390793,2550254
2014-03-12,807.0390625,810.8531173928342,797.2447821654399,797.2447821654399,1669788
2014-03-13,795.9675903320312,815.389543903231,791.2648621787032,795.4121478634323,2019884
2014-03-14,792.2648315429688,800.022495143832,786.6178317508172,792.8017413112447,2161246
2014-03-18,785.7658081054688,796.8006146318655,779.193073376971,790.7647894482698,2565842
2014-03-19,755.1795654296875,768.3620572265187,745.4223020807335,768.3620572265187,8652662
2014-03-20,780.656005859375,786.0993250102862,744.8114721621663,754.661311445832,5728956
2014-03-21,787.6173095703125,794.2826182549695,772.064922639446,786.8767197164617,4680776
2014-03-24,797.0968017578125,799.0778251405674,787.3024297737088,791.3016325931734,2183014
2014-03-25,794.8937377929688,804.2807523487156,788.7283621099283,793.9124921895241,2249968
2014-03-26,775.2125854492188,799.2817605407876,773.0093482716474,795.4121958568768,3192350
2014-03-27,775.4901123046875,783.1737316578317,764.6775190548038,777.9710701114027,5012476
2014-03-28,778.397216796875,786.080838650346,770.2321933247841,776.5086759869281,2971162
2014-03-31,789.8945922851562,794.2640905317612,770.9540428128242,779.1005312575322,2683268
2014-04-01,806.0208129882812,809.0942784425741,794.2454182235076,794.282483871543,2755932
2014-04-02,804.3731689453125,815.3894432121432,800.2258837727246,810.945904012077,3763016
2014-04-03,802.2439575195312,807.9835288749675,795.2454195767745,804.5953664622432,1581194
2014-04-04,792.0054321289062,809.8350987588934,788.728285485342,804.280674213222,1694656
2014-04-07,797.54150390625,802.040552642376,785.284701479965,788.7655292235462,2594986
2014-04-09,792.5791625976562,800.5775685467838,779.4707593852821,796.8746195710818,3350500
2014-04-10,787.302490234375,795.6341257464084,783.2477790326583,792.5791927253294,2152886
2014-04-11,801.35546875,805.3545825419789,777.6195224045069,784.2848325965456,2340742
2014-04-15,834.1821899414062,836.1262389913196,805.0399870263751,807.61351959259,3597244
2014-04-16,813.2787475585938,838.3476954595046,808.7981428832614,838.3476954595046,3475910
2014-04-17,823.128662109375,824.6469076654382,793.4310232549494,822.0548428456547,7681438
2014-04-21,822.7029418945312,830.5346452270327,818.8333771047234,822.0549256243319,1842594
2014-04-22,822.4437255859375,833.1266820643465,822.0178320946683,827.2204949112781,1486274
2014-04-23,819.740478515625,830.90483554531,815.0562833714391,826.2761484842392,1938992
2014-04-24,819.740478515625,819.740478515625,819.740478515625,819.740478515625,0
2014-04-25,816.5928955078125,827.6091696904936,812.1308235143564,824.6468102464113,3160448
2014-04-28,811.4459228515625,823.0546159784415,807.2801044176008,816.5929867994612,2550766
2014-04-29,812.5196533203125,817.0002581523954,806.0950000981501,809.464720135902,1846180
2014-04-30,810.6495361328125,816.7224264290835,807.6131361866888,809.1313813617625,2397378
2014-05-02,817.7778930664062,822.0177523125171,807.7058881522619,807.7058881522619,1917778
2014-05-05,819.7222290039062,825.3877620056213,816.1858927861896,818.6484093962156,1314478
2014-05-06,814.2416381835938,822.6474069949146,810.9460488498888,819.7220222566319,961232
2014-05-07,801.8922729492188,815.7598011937416,792.4682842481932,811.3347944791508,4716182
2014-05-08,800.5963745117188,807.909701233816,795.2640719250709,801.7257924154366,2606900
2014-05-09,799.7998046875,808.9831349832473,796.8745115548297,796.8745115548297,1799440
2014-05-12,799.596435546875,802.3180491838967,786.1916860486843,797.2450264553974,2886064
2014-05-13,818.70361328125,829.0904048574814,801.9848322122658,801.9848322122658,2547484
2014-05-14,820.6106567382812,828.6089732392613,815.0562326109178,819.9810830139492,1389228
2014-05-15,812.1121826171875,823.9061107461064,803.965695230035,820.6105224647315,2520196
2014-05-16,800.1146850585938,834.4224705194194,777.7118441718438,814.6672923435192,5241798
2014-05-19,754.1798095703125,799.8372012208109,740.4048536300979,796.1342512151591,6516606
2014-05-20,765.84375,799.8368335047543,750.957915901686,750.957915901686,4702114
2014-05-21,771.2688598632812,773.5461376060588,761.2523635525818,763.2519200875064,4116946
2014-05-22,782.0443115234375,786.5063832379617,768.3989984295473,776.4158470123335,4216842
2014-05-23,787.9506225585938,795.7638825084518,776.1382492962844,784.6550335204325,3094780
2014-05-26,797.615234375,803.3918711198296,790.0612543893282,795.7637598290971,2650850
2014-05-27,789.2653198242188,808.946554816685,784.2848697754368,799.892769053395,1795094
2014-05-28,796.3377685546875,799.3741688570318,785.9324450069092,792.4311390175092,1887488
2014-05-29,799.8184814453125,807.2429125521143,790.6536823234479,794.2825905615987,2820710
2014-05-30,792.93115234375,802.4291819490888,788.7837764497585,799.392781344165,2585648
2014-06-02,788.6727294921875,799.0039223579316,783.562641139782,793.912366833695,1095158
2014-06-03,788.2098388671875,791.6905751125219,779.5448831010826,788.6727075383244,2484628
2014-06-04,773.6388549804688,790.5427861419807,769.1027410766703,788.7283767420837,2141062
2014-06-05,779.1561279296875,783.6922413294539,765.7700008748523,771.361491104754,4348470
2014-06-06,779.1936645507812,787.9978141713817,768.6324453959007,785.1378186461278,3361586
2014-06-09,790.24072265625,791.8108675954667,777.6046291777953,780.2215678336822,2666196
2014-06-10,806.8206787109375,807.867472213779,790.6891609431092,790.6891609431092,2628068
2014-06-11,825.0645751953125,827.700224244986,799.3625018363049,809.3816555963842,3544562
2014-06-12,836.4296264648438,842.6541648652701,816.4100294489795,840.7849231508396,2734338
2014-06-13,827.5318603515625,837.0462806151874,816.8771846045626,836.6724323433627,1904022
2014-06-16,848.54248046875,851.2341709309756,826.205036605766,826.205036605766,2439906
2014-06-17,852.3182373046875,858.7297002998201,849.0096427430959,854.2060985436381,1918144
2014-06-18,832.5791015625,857.2343854092475,830.4294732519447,857.2343854092475,1948824
2014-06-19,850.89794921875,855.7392693383601,826.242657375709,833.6822064764277,1896354
2014-06-20,857.0098266601562,859.477262007078,845.6448745802569,854.2059643439087,1155674
2014-06-23,848.2060546875,859.813975528109,842.6730796184753,857.2344578461049,1262734
2014-06-24,863.2349853515625,867.1416843212778,843.0284536083128,848.2623331429098,1479100
2014-06-25,863.7953491210938,867.3281978796944,857.2342921285083,863.5897142681439,1028422
2014-06-26,862.7113037109375,876.3567715756546,856.542804539216,858.3560059559037,2036182
2014-06-27,897.0679321289062,899.8156630620168,865.4590321600617,866.206728948105,3058836
2014-06-30,906.7320556640625,910.3210375362954,888.4883230830795,897.4419758139727,2146470
2014-07-01,893.7781372070312,904.3393553921608,890.6191362165936,904.3019340403918,1092790
2014-07-02,897.8345336914062,901.6290592024218,891.0678397881092,897.2363396230174,907740
2014-07-03,903.927978515625,914.0593063130433,894.2453417999179,896.8622805091986,1526762
2014-07-04,901.1616821289062,906.7694088378602,897.610121879902,901.8719576700696,536136
2014-07-07,930.3402099609375,933.8730581596317,901.1239104040975,904.7316012804192,2204902
2014-07-08,915.722900390625,929.443117746046,909.666574860806,928.9945179422775,2500588
2014-07-09,896.5445556640625,924.3962630705491,890.3574373044551,923.4056012620406,1554242
2014-07-10,879.2166137695312,904.5635514795531,872.9359429067225,897.0678734156966,1990562
2014-07-11,895.1614990234375,900.9748612998382,882.6937066393668,886.3947701833677,1329446
2014-07-14,907.0496826171875,911.8162497283134,891.7218981814102,904.264530285003,1587924
2014-07-15,896.974365234375,908.4514913356179,894.8994886356525,907.0308493499972,1389656
2014-07-16,897.9277954101562,906.2085007711951,892.3200695390474,900.8437398458689,1407240
2014-07-17,890.4884033203125,908.3770902927956,887.8901745375657,900.9748718465404,1790220
2014-07-18,912.6387329101562,929.0133117498428,910.3208909902886,916.676314048537,3507488
2014-07-21,921.0689086914062,923.3494202251062,913.3302657950717,922.6577642416603,981072
2014-07-22,946.7337646484375,949.5750493361908,920.3774493026889,921.5364159896498,2399016
2014-07-23,966.8281860351562,970.6228027758896,946.6965006500257,949.5751156202238,2065858
2014-07-24,970.21142578125,972.7536133556363,959.6689183258718,970.0992529981055,1481418
2014-07-25,974.1552124023438,977.3703443064039,959.6685907077871,969.7624948562524,1806914
2014-07-28,985.0162353515625,988.9535054840893,971.9678808418773,980.3941014453643,1314922
2014-07-30,987.2041015625,992.89133411576,978.663732991666,983.3048156718155,1899252
2014-07-31,981.4979858398438,988.3264738876322,977.3894507451113,979.6149343434561,2407210
2014-08-01,957.2838745117188,984.5028025922261,954.8492363183158,979.5764077767582,2381882
2014-08-04,960.9547119140625,966.98428026171,946.4797913847128,963.2181799783332,1828636
2014-08-05,960.060791015625,968.1637121719635,947.2788032324731,968.125633225616,1404656
2014-08-06,953.5746459960938,964.3025068102404,947.3358285779973,957.188616630163,1837562
2014-08-07,939.5562133789062,949.14272655094,935.4667206693181,947.2406369185733,1672656
2014-08-08,942.9423217773438,953.9744466291697,937.7306124052043,937.7306124052043,1464790
2014-08-11,939.0237426757812,949.3521469759704,933.9261786877214,947.5831475721046,1290896
2014-08-12,940.29833984375,947.2028904828333,928.2961314751548,947.2028904828333,984552
2014-08-13,951.0640258789062,962.4575262409298,939.6324465672319,939.6324465672319,2768378
2014-08-14,950.9501953125,963.2186796804681,947.2601581242147,956.3711535216022,1578056
2014-08-18,946.3275146484375,952.9467483249438,939.6321230988467,947.6399377027761,1373260
2014-08-19,927.6492919921875,952.9090100145496,926.3178289936341,951.0449989667701,3234156
2014-08-20,926.7744140625,933.9453312944737,924.4348802576377,929.9319023818292,2056758
2014-08-21,925.3478393554688,935.8283748932961,924.4158337360608,930.8829403918274,2265450
2014-08-22,937.42578125,938.9474528672796,926.6219499175008,929.7413581578311,3096238
2014-08-25,959.4332885742188,961.8869662349181,938.4531789877973,939.6325120032618,3143512
2014-08-26,963.9030151367188,970.0657673187071,951.0448699203012,962.0769904113766,1815490
2014-08-27,970.0470581054688,976.6853349824647,956.3900862739926,963.9794083446989,1435460
2014-08-28,959.547607421875,969.7998563825319,955.9906611266117,968.9248761995543,1766288
2014-09-01,965.1778564453125,973.8704481818324,959.81401634275,960.7079432554154,810148
2014-09-02,965.4630126953125,971.892134003339,956.4091366484544,968.4683712669785,1407940
2014-09-03,991.5216064453125,995.1736570157555,965.8814660409033,965.8814660409033,3061690
2014-09-04,983.2855224609375,999.52935408763,980.5084522119953,997.4560943582853,1701598
2014-09-05,988.5543823242188,997.3800625130829,982.6388630689617,989.0488514890405,1467060
2014-09-08,1005.3306884765625,1008.1077586131239,988.7254789613023,993.6518737726337,1697342
2014-09-09,1000.9749145507812,1014.5748587579795,998.6353808793206,1008.8685884612529,1418098
2014-09-10,989.143798828125,1005.3496423405202,985.7390763952012,1003.5426568893358,1258768
2014-09-11,988.4591674804688,998.368982280892,985.8532669774672,992.8910001200808,1075622
2014-09-12,991.977783203125,998.3497832209141,986.499709552104,992.8907490405619,1196210
2014-09-15,973.2233276367188,996.1625501896193,971.5875117630393,994.4125903479188,1151544
2014-09-16,970.3892211914062,979.5762780665759,967.7833209325705,976.1525163179938,1535608
2014-09-17,985.739013671875,990.8936956797228,974.2504096883655,974.2504096883655,1657700
2014-09-18,1005.1781616210938,1008.7921314045918,981.8585274956409,985.9289801503843,1483078
2014-09-19,1032.5306396484375,1042.3454437891432,1005.0644753616483,1005.4448934068267,3587864
2014-09-22,1035.421630859375,1040.0627114355277,1018.0935740597406,1032.4543521711857,999584
2014-09-23,1022.639892578125,1058.4942976172558,1020.775881084385,1036.258878796738,2055990
2014-09-24,1005.4448852539062,1029.772600470705,1001.5456003224449,1024.4657873585961,2442132
2014-09-25,1030.400634765625,1036.6394552543773,1011.9122755877592,1012.2736542539355,2473158
2014-09-26,1021.0419311523438,1036.6009904939997,1015.7541580033528,1030.9327993378731,1612712
2014-09-29,1052.978271484375,1055.8314072619166,1017.7325713293508,1025.3789194878539,2089534
2014-09-30,1041.052001953125,1056.287669518679,1030.2290348665558,1054.880141404539,2788954
2014-10-01,1055.887939453125,1065.9309346637983,1041.20377165411,1046.9100400409611,2142022
2014-10-07,1039.0548095703125,1080.2730468472746,1036.867405926907,1042.1932582760683,3457674
2014-10-08,1020.7376098632812,1042.326332438519,1007.8224366951318,1041.584535876671,1962442
2014-10-09,1029.4302978515625,1035.992509310153,1021.9931062900596,1030.1720944848246,1685176
2014-10-10,1018.949951171875,1037.5713998769143,1015.145769909333,1029.4114496438656,2344362
2014-10-13,1033.425048828125,1036.5634988841105,1015.7165635734877,1019.5207454595309,2209532
2014-10-14,1026.82421875,1040.709475367652,1019.0637289138901,1038.5411114024582,2369406
2014-10-15,1026.82421875,1026.82421875,1026.82421875,1026.82421875,0
2014-10-16,1018.7977294921875,1049.4213859029003,1013.5289017669725,1038.5413913198215,3848014
2014-10-17,928.6575317382812,955.3629544752712,924.4159074202792,941.5347205206547,9892812
2014-10-20,921.8670654296875,948.6104725220479,919.8317917422568,947.2409304122161,3399242
2014-10-21,925.7090454101562,929.6464085258697,918.7093919549771,922.8369640545322,1950732
2014-10-22,932.7283935546875,946.8608924243869,930.1605707246896,945.33921963624,2067664
2014-10-27,934.7440795898438,958.5392447787382,930.1029984257203,958.2729707458483,2797208
2014-10-28,942.9044799804688,945.3010400663264,933.3369076178653,945.3010400663264,2289958
2014-10-29,955.2741088867188,958.3045282213035,942.6758545311391,943.4382288574885,2425016
2014-10-30,975.1526489257812,981.5184537623911,956.3982655202561,961.2774781538924,4111292
2014-10-31,994.07861328125,998.7099983766711,976.219964062082,976.219964062082,3170070
2014-11-03,987.4076538085938,1009.764231215541,983.652925123331,1009.764231215541,2541632
2014-11-05,990.8955078125,1005.5712058508848,987.2742316731583,1005.5712058508848,2310642
2014-11-07,980.73681640625,997.0706202911598,974.6949664246753,992.915720037357,2126740
2014-11-10,979.5169067382812,984.2246023053435,972.4078080871152,981.5944498497963,1541964
2014-11-11,983.7293090820312,988.799114984305,974.0852590086658,982.7001227561827,1249940
2014-11-12,987.9414672851562,995.2793174810622,981.5565846471602,983.4625197629799,1320582
2014-11-13,986.6832885742188,992.9537949488167,977.8016145085231,989.1800815738787,1645540
2014-11-14,993.5447998046875,995.3363600240015,981.556487722624,985.4445763623164,1457174
2014-11-17,998.0617065429688,1000.6156402311069,988.1317689101284,989.2181888305206,1570552
2014-11-18,985.6923217773438,1001.2446750428849,983.3670441337141,998.7098190252276,1467026
2014-11-19,981.0802001953125,990.3239864429031,974.866832476035,990.3239864429031,1865746
2014-11-20,993.16357421875,994.9932902907939,976.0483164592468,986.5118801925389,1795386
2014-11-21,999.5297241210938,1006.3339511296025,985.9975819752221,994.135963843183,2001594
2014-11-24,1013.0806274414062,1015.8633110336187,999.47227074302,999.47227074302,1942766
2014-11-25,1004.808837890625,1021.3523149158867,997.1850986046567,1013.9573250337869,2371684
2014-11-26,1001.49267578125,1012.5661773196189,996.8040568248375,1002.5409400857503,1584800
2014-11-27,1011.4035034179688,1017.0069338034142,1000.7302672311263,1001.4926412444722,1732418
2014-11-28,1007.4772338867188,1026.1172408298182,1004.5611905826004,1013.328491520699,1989768
2014-12-01,1026.5177001953125,1029.205087647932,1008.3350955928489,1010.33632770772,1896354
2014-12-02,1012.9278564453125,1033.3784941531321,1009.8974395366448,1026.5362086642037,1436572
2014-12-03,1004.5609741210938,1019.0650617927796,998.1379373751782,1018.4932814200232,3094670
2014-12-04,1005.5521850585938,1016.6256855479427,1002.4836112271025,1015.4821245968202,1285308
2014-12-05,983.06201171875,1010.0691428578301,980.4699219894691,1006.6765233525367,2359676
2014-12-08,957.8466186523438,989.1801683791067,953.5963281795631,989.1801683791067,3232574
2014-12-09,958.6279907226562,975.4573565022844,956.4361658692416,959.0663184680529,2487940
2014-12-10,955.9788208007812,965.1273086163344,951.5189516033452,958.6852856715079,2087970
2014-12-11,949.975341796875,961.6968444772642,948.012265565135,953.1964470653395,1938822
2014-12-12,934.1748657226562,960.5911407046796,923.4825528652632,952.9674014927376,2380786
2014-12-15,899.0867919921875,909.1311079149946,896.6472321144847,909.0929519849626,3487788
2014-12-16,931.258544921875,937.4337532289509,893.8831559710846,895.7890902055645,3339140
2014-12-17,931.6593627929688,941.5320707631199,916.8502077744915,935.2043281229745,2287076
2014-12-18,937.9866943359375,940.9599711112987,928.1139897132272,935.8521032878152,1481444
2014-12-19,956.9889526367188,962.020601957044,940.7694286795382,942.0273642754255,1903130
2014-12-22,958.0751953125,964.0217486623942,943.2089050009803,962.8781878692004,1643954
2014-12-23,959.3333740234375,966.938036613591,950.9091965490047,952.9675692733394,1266476
2014-12-24,945.3057250976562,960.915409196675,939.8738096522342,958.6854277358882,3288972
2014-12-26,954.8734741210938,956.7794091991798,939.6259934964056,947.6309208243669,626206
2014-12-29,961.696533203125,967.0522285427577,955.6356978334587,956.0168847891163,778920
2014-12-30,964.4225463867188,969.1492297180802,959.0668484336469,962.497532708648,701342
2014-12-31,975.1717529296875,978.2783901053976,962.4972837476638,965.4324053666418,1573792
2015-01-01,970.3302001953125,978.5066394778034,968.5957814231003,978.5066394778034,366830
2015-01-02,983.2525634765625,987.6362129731707,972.255376881694,972.407814421509,925740
2015-01-05,968.3101196289062,991.0478832641111,962.36356616852,983.8434873584124,1754242
2015-01-06,932.6122436523438,964.0601742622642,930.0963719782535,964.0601742622642,2423784
2015-01-07,921.5955810546875,945.0194982486207,917.688415195983,941.5316752195494,2636332
2015-01-08,931.5449829101562,933.5271370671057,922.6823835076204,931.0112651726989,1565408
2015-01-09,957.6561279296875,960.5530933196302,933.9081589884768,935.8140940068206,3197642
2015-01-12,956.6646728515625,963.6404112130949,945.438738097816,959.4473556263291,1596006
2015-01-13,952.16650390625,964.5550753409649,945.3814530787093,960.5907697071309,1468432
2015-01-14,961.3343505859375,965.0890790369042,953.1579096259047,959.0663069861132,1787096
2015-01-15,967.8719482421875,984.1295365554203,961.8300970711588,965.5466703185357,5009920
2015-01-16,965.2222900390625,970.1205785153928,946.9825542534221,969.625016974631,5293830
2015-01-19,957.1600341796875,972.4075058512077,954.1105398453834,966.6897039743876,1135074
2015-01-20,953.1392211914062,964.4033180844503,946.5828219894115,960.5914472619821,2058566
2015-01-21,958.2279052734375,961.3536200805612,948.4885587491897,961.3536200805612,2310480
2015-01-22,958.1322631835938,961.0673834316076,951.2518216573434,959.2567458227628,2113214
2015-01-23,954.3399047851562,965.184657394779,951.4810020024837,958.3042127518322,3150380
2015-01-27,955.657470703125,960.6037017301339,950.8830984281243,959.5915721076171,2738736
2015-01-28,969.9996948242188,972.0239540507984,955.9820633530403,956.0202956306752,3121980
2015-01-29,971.9285278320312,981.1144392339411,959.8016216001585,969.3885989446686,3734392
2015-01-30,948.018798828125,983.5210245397692,943.4162837332932,978.0591221419415,5817402
2015-02-02,960.29833984375,963.0674763878113,940.3796915197078,947.9995727393322,3181802
2015-02-03,977.1233520507812,979.7015139295432,957.5866515581808,959.324449039829,2345054
2015-02-04,960.3359985351562,982.2598705721463,955.6762315768796,980.8466755539821,2245418
2015-02-05,974.8884887695312,989.8991323506716,962.1314046264669,962.5133543702647,4530168
2015-02-06,983.8076171875,991.0837826324785,974.2971004086953,975.1182555293361,2136416
2015-02-09,959.8016967773438,981.2673519631494,954.8745812379443,978.3644959363977,2076432
2015-02-10,932.3969116210938,964.9008836865371,929.2840574010271,958.6941981408048,3799054
2015-02-11,939.5578002929688,950.0041593367739,934.7261750676129,937.7054006499824,2937522
2015-02-12,940.4174194335938,947.1588876088907,934.6309187606582,947.1588876088907,3107980
2015-02-13,969.6748046875,973.1123520010156,939.6917531196148,943.4157627092566,4158326
2015-02-16,987.2642211914062,991.1600919201526,975.8820943568361,977.7918440522507,2364392
2015-02-18,1006.6859741210938,1009.493342509584,979.7967449385964,987.3593697866315,2660014
2015-02-19,1024.0262451171875,1026.4134307032155,1006.4374430694451,1006.8193927632095,2618002
2015-02-20,1021.926025390625,1030.8063601467395,1009.2070756706806,1030.8063601467395,1801588
2015-02-23,1029.9849853515625,1039.6674509695279,1020.1880093826632,1020.1880093826632,1614892
2015-02-24,1033.078857421875,1042.7230911402971,1023.2436487783356,1028.9728965318536,2199922
2015-02-25,1020.6463012695312,1039.6674211588484,1018.9848754844435,1035.0840232698306,1767994
2015-02-26,1014.6307373046875,1028.495536560713,1002.7521520188227,1023.243725725058,1991994
2015-02-27,1016.8839721679688,1022.0020616085615,999.2951672200032,1015.7762619237388,2877376
2015-03-02,1019.57666015625,1034.682791934329,1013.1408625987168,1023.5107613654413,2176038
2015-03-03,1060.292724609375,1065.6400222118718,1022.1549969089219,1024.389440706896,3424308
2015-03-04,1048.83447265625,1074.0813994835696,1037.2422553691565,1064.8763691790332,3862994
2015-03-05,1029.9083251953125,1058.2680924932436,1024.0263366851493,1050.3617517752245,2173514
2015-03-09,1010.9448852539062,1023.5492303490901,996.8891120736245,1008.3476076147007,2883174
2015-03-10,1009.378662109375,1022.9569953999719,991.25516374938,1011.7467320888048,3037052
2015-03-11,995.5712280273438,1015.9673091909527,992.2291674177054,1009.1113292187865,2240200
2015-03-12,1000.3455200195312,1002.5798701266414,989.288093311505,1002.1979203733455,1827636
2015-03-13,986.3282470703125,1008.328502806797,983.5208783314013,1007.58371923815,1586838
2015-03-16,978.669921875,996.8889073947367,974.7358205637427,987.4165343757307,1556296
2015-03-17,986.8436889648438,995.6285344481192,976.93211021078,986.3853678503917,1267318
2015-03-18,977.5429077148438,992.8590332580043,974.6209368419926,989.6124611211227,1255170
2015-03-19,991.6373291015625,995.304085076125,980.8854777873107,983.9028443969668,2448964
2015-03-20,997.2518920898438,999.9446570469116,984.9913584706927,991.5417607692065,1963908
2015-03-23,999.6198120117188,1004.9098536723383,995.3611093386977,999.1806070721539,1566608
2015-03-24,989.7461547851562,1007.2012352829503,986.2322366263185,1004.5275877110956,2394878
2015-03-25,983.0436401367188,998.4171249411881,972.1389508988049,989.7850191549053,2224858
2015-03-26,959.8777465820312,987.9891861570931,955.2561183060483,975.2321045638537,3091642
2015-03-27,960.5274658203125,982.3367454970931,956.4406212267188,966.715034511026,2751776
2015-03-30,979.37646484375,981.5726760199002,962.5134198083971,964.4231686572232,1339006
2015-03-31,975.48046875,981.4006894100357,962.8952441258127,981.4006894100357,2427028
2015-04-01,971.1644897460938,979.1664115686737,963.3727521843177,977.0274556794468,2075758
2015-04-06,972.940673828125,978.8990343275466,954.9126632217792,977.0275177426773,1568542
2015-04-07,987.3399658203125,992.6872615733045,971.6800282579787,978.7269815111414,1886922
2015-04-08,1008.8823852539062,1014.649865796132,989.5748932372707,990.7779980708324,1652134
2015-04-09,1017.724365234375,1026.4709784147026,1006.4949850875215,1015.6045251799135,2544450
2015-04-10,1013.5994262695312,1020.1116899379458,1003.7642175172222,1011.5941895336236,1815544
2015-04-13,1014.2677612304688,1017.8962845713421,1003.7641410332035,1017.5143347459871,1308642
2015-04-15,1003.6683959960938,1036.573327705949,996.6595811997776,1013.9619224977963,2913934
2015-04-16,986.5000610351562,1003.3822252385329,982.1267540364092,1003.363109096723,3217570
2015-04-17,945.2686157226562,977.791607880291,943.4161216657495,976.6839906242789,9668742
2015-04-20,927.6796264648438,948.7250029882448,926.1709435127632,947.2545523132118,2890722
2015-04-21,927.0112915039062,936.5409204746672,917.0614804484812,927.6797036616675,2546032
2015-04-22,933.9053955078125,944.5617565123966,919.56316336943,928.7108414718531,4186812
2015-04-23,938.5458984375,947.1588828050662,928.7870649722382,944.17965650117,4342990
2015-04-24,952.2197875976562,960.2216157456476,934.8410749817346,937.8011853723586,3625158
2015-04-27,954.9506225585938,962.513245278527,949.5269554612771,954.6832764181263,2733052
2015-04-28,952.96484375,958.6940913076153,937.7250825465323,958.6940913076153,3088298
2015-04-29,950.0237426757812,952.964737444053,936.1780626227364,948.7632897038187,2019620
2015-04-30,941.010009765625,951.0553114237341,927.0306984871647,947.2358121810685,3738054
2015-05-04,947.827392578125,956.7077240015625,938.5268791424015,951.4367989584067,1890630
2015-05-05,961.6921997070312,968.796408991897,954.8743594805603,955.2563092243525,3255070
2015-05-06,940.7615966796875,960.6038727370244,937.9924602672248,960.6038727370244,3394406
2015-05-07,972.1578369140625,975.404410576284,937.190310172828,941.4681297602136,3205028
2015-05-08,965.2822875976562,988.4857296677156,961.0999574299759,977.7911390839846,3003664
2015-05-11,976.263671875,978.9564365682095,964.4232282802719,968.2427262140552,2573082
2015-05-12,963.6210327148438,979.7011552528896,959.839767310141,977.7914064122408,2467386
2015-05-13,960.7564086914062,972.8260586545108,947.4072829557554,972.8260586545108,1863774
2015-05-14,954.5880126953125,962.5134708381264,949.1452281875969,962.5134708381264,1309050
2015-05-15,959.1326293945312,967.2490577907855,955.2558785426716,960.6031725449096,1461454
2015-05-18,962.666015625,964.5185090256674,953.7666619460467,960.2598070419526,4507752
2015-05-19,959.7254638671875,966.3332155721827,953.6333818102162,962.2845094640628,1957722
2015-05-20,976.6648559570312,981.5728554459964,961.3295139480678,962.5135957505659,1897814
2015-05-21,976.0724487304688,985.4302162882447,973.265081163361,976.6453732748223,1579578
2015-05-22,999.9064331054688,1004.0506261040605,969.8661159618586,973.9720766772626,2691632
2015-05-25,993.451416015625,1007.1633763455831,987.6075655068172,1000.7084621149318,982978
2015-05-26,996.4500122070312,1001.9500533474173,988.8300372684432,994.9794678242722,1961740
2015-05-27,998.8941650390625,1005.7310288210875,990.0138326283338,996.1250291260395,1620690
2015-05-28,996.6981201171875,1001.8544430225647,986.2899868452222,994.5591636862785,2763608
2015-05-29,997.0034790039062,1011.6321734885895,992.0190159768866,999.5625237507026,4423532
2015-06-01,999.8487548828125,1011.0590150670511,996.2584652621771,996.6785539521402,882264
2015-06-02,993.0310668945312,1004.527791080824,989.4407767280892,999.1804948545382,3935820
2015-06-03,997.2327880859375,1002.8475252666823,989.4410487424733,994.5973715210965,1804684
2015-06-04,995.2276000976562,1001.7780960455636,988.6771973992251,999.6010005269537,4131468
2015-06-05,992.9918212890625,1005.7711293450036,990.7366049891373,999.2176187283438,2308534
2015-06-08,993.608642578125,998.4466946127466,987.5177134170588,998.4466946127466,1570320
2015-06-09,987.5174560546875,998.4464344021139,983.4119128030088,996.5189316329979,2578914
2015-06-10,1002.5903930664062,1006.1562725764953,988.3461688736946,989.1942511230985,2763350
2015-06-11,991.2374267578125,1007.3127783350716,985.6283758163775,1004.4215246659124,1847336
2015-06-12,965.9871826171875,998.041511907147,954.8076679911105,991.4687094847557,2571456
2015-06-15,965.601806640625,971.6348526651748,956.4268746306531,965.7945569176567,2525176
2015-06-16,968.3770141601562,971.1911859306192,961.6114632514999,963.751009315442,1267396
2015-06-17,969.0714721679688,974.98885018333,964.4454647528457,971.8470577937703,1975720
2015-06-18,975.3357543945312,981.6001387754853,966.8354478420276,969.5339518830541,2165046
2015-06-19,982.85302734375,984.9539866917004,974.1985581039174,977.243975054192,1999610
2015-06-22,999.0247802734375,1002.3015352926635,981.870003996313,981.870003996313,1102002
2015-06-23,992.509521484375,1005.3851991956427,989.6567616119554,1002.3011955171285,898318
2015-06-24,990.8521728515625,997.6369266805083,986.4382099747888,994.5915097043118,1170246
2015-06-25,983.0263061523438,991.8928179333258,980.7710905093422,987.6523122989431,1930992
2015-06-26,999.526123046875,1000.8946692035316,983.1037573997381,983.1037573997381,1290102
2015-06-29,999.5643310546875,1003.8434247745732,980.482053970839,991.5074072658227,1372756
2015-06-30,983.3927612304688,997.9647030965409,979.1715483786437,996.5190758105489,1549952
2015-07-01,999.6414184570312,1005.3853384573582,985.6284371552341,988.3847281781666,1279708
2015-07-02,993.7237548828125,1003.4383471052464,991.1409207693231,1002.301139635462,1445880
2015-07-03,1003.8046875,1006.1562781337414,990.7362585454848,991.9120538623555,963470
2015-07-06,1015.1386108398438,1019.6489484235904,994.7070818166112,994.7070818166112,1182338
2015-07-07,1008.5659790039062,1020.3815351486547,1003.4580958804273,1014.9267391199365,1642836
2015-07-08,1000.4125366210938,1010.6667950034002,994.7841908226421,1001.5111567425834,2667850
2015-07-09,972.4251098632812,1001.6267756996117,966.3148886721127,1000.3738989475579,3934122
2015-07-10,953.8632202148438,986.4958005909854,946.4037477338293,986.4958005909854,8263654
2015-07-13,967.4329833984375,970.9217824131385,954.268082338863,954.268082338863,2280308
2015-07-14,963.5584716796875,969.5337292556168,959.8962170363761,967.9917273005383,1703274
2015-07-15,981.3878784179688,983.0069616626022,963.7512308926335,964.1367313849906,2003660
2015-07-16,979.2483520507812,986.4379928512642,974.0056017164369,980.5976038018478,1456608
2015-07-17,988.5775756835938,990.7750041181387,980.4435705244564,981.7928224534282,1070526
2015-07-20,996.4006958007812,998.2357590907253,985.8732274532077,990.5478474560966,853786
2015-07-21,989.5433959960938,1004.5909910666545,987.1095979316539,995.1838390223547,1274500
2015-07-22,976.6594848632812,992.4796456370916,973.955180651736,989.3890122524684,1320628
2015-07-23,961.4183959960938,980.4450994216065,959.2549158486952,972.5832664716432,1496780
2015-07-24,967.8125610351562,972.1974351979428,962.7710404124574,964.8571803722878,1574972
2015-07-27,964.6831665039062,967.7544642032195,958.5404767866452,961.1868690369702,2003738
2015-07-28,966.61474609375,973.1630054924688,962.7900314023844,965.6295880224001,1891188
2015-07-29,968.4307861328125,971.6373375685607,959.4486316389109,970.0726853413752,2413318
2015-07-30,958.3472290039062,972.313082338814,955.3146022081306,972.0233355184046,2770574
2015-07-31,969.9760131835938,973.1632289990929,960.8006949268536,961.9210118496903,1963776
2015-08-03,969.5315551757812,975.4809856379633,966.1704165228387,967.136239280896,1179324
2015-08-04,969.2610473632812,974.7083254350188,960.4141486450482,969.8405410169287,2342692
2015-08-05,984.0382080078125,985.1392837582906,970.0724476537521,973.5494098317225,988994
2015-08-06,994.1409912109375,997.8883657454761,985.1781722561263,990.9344398517794,2211366
2015-08-07,985.9314575195312,994.0250354269607,983.9804761882895,994.0250354269607,1188506
2015-08-10,993.6774291992188,1000.2063553207012,987.6893262608368,993.6387585495726,1431182
2015-08-11,1006.0780029296875,1008.3187300824812,982.0870276671653,995.9562015910485,2200306
2015-08-12,1032.1552734375,1039.7659366332653,1005.2281583141,1005.6531579839532,3479784
2015-08-13,1018.208984375,1036.9072745492579,987.4571511728402,1031.4986673049623,1406426
2015-08-14,1044.32470703125,1050.5639780065603,1018.7884124898166,1019.1360709199989,2293964
2015-08-17,1037.1966552734375,1041.8519380150012,1025.703368936019,1039.2635528968472,773644
2015-08-18,1058.8896484375,1062.3666111780176,1039.2255302213664,1045.7544558622114,1916926
2015-08-19,1056.0693359375,1063.506171608609,1051.5492097110616,1062.4050958727055,1690070
2015-08-20,1038.0084228515625,1060.4734232151707,1032.2713977526178,1060.4734232151707,2349298
2015-08-21,1033.8746337890625,1054.6398239293808,1025.7424812913416,1047.7245704287093,3536080
2015-08-24,996.2074584960938,1021.8404310438689,992.5180911848424,1019.522456531104,4692344
2015-08-25,991.7650146484375,1012.9552099914732,979.5377326214265,999.7813459250672,3925800
2015-08-26,995.473876953125,1019.5228723311524,970.4397231416627,988.2495389723738,3216158
2015-08-27,994.6624145507812,1010.2121644990068,983.5168739741126,1010.2121644990068,5264798
2015-08-28,993.1939086914062,1007.9323217398868,988.1136259481269,1007.9323217398868,2744152
2015-08-31,990.5673217773438,1000.5925448202112,977.8184592371634,1000.5925448202112,3692044
2015-09-01,980.2714233398438,1008.7825298628925,977.4126257193412,987.457182347287,2987602
2015-09-02,1001.2877197265625,1012.3560100451513,984.366487305545,988.8865186386316,3765950
2015-09-03,1006.6190185546875,1010.250473926633,995.2802231179688,1002.9488925499828,2265074
2015-09-04,984.1541748046875,1010.2120571217224,980.9476239943274,1008.8599050960343,2426396
2015-09-07,981.1793212890625,988.9831501623345,978.4556822993059,986.2981818096177,1759184
2015-09-08,981.391845703125,990.5864972790415,974.9014978660882,983.2075736355041,1787746
2015-09-09,985.0426025390625,994.4110830220793,982.8212102595842,990.1421276908351,2045076
2015-09-10,983.3622436523438,996.149777063652,976.2538245646107,982.0487621856907,2665818
2015-09-11,985.9117431640625,992.2475019052251,981.5076296877198,983.7869333727607,1592672
2015-09-14,985.7767333984375,990.9342652549983,982.4350239935519,990.9342652549983,1589318
2015-09-15,980.2136840820312,988.5776728637371,979.7307726207631,985.7767863883821,1379900
2015-09-16,985.2744140625,990.9340973981629,981.6815347286766,987.0708065700998,1756816
2015-09-18,985.6219482421875,999.0468821770884,980.8894175744886,990.9339724610331,2455294
2015-09-21,985.544921875,987.8822319181304,978.648909345504,985.1392574346827,1108840
2015-09-22,976.1763916015625,993.7929420219597,961.9594618162157,988.0366761425589,2081246
2015-09-23,978.4361572265625,988.1330533802968,970.6903358110458,979.0736567023245,1228352
2015-09-24,996.8834228515625,1000.5922193844484,977.3738062187768,979.5372865827294,2354254
2015-09-28,1002.0216674804688,1011.7958115955739,996.5358136734567,1002.1375850625883,2366812
2015-09-29,999.9161376953125,1017.5906912738155,992.8077210873598,998.0231631269181,3325952
2015-09-30,999.839111328125,1021.3382894178479,993.2328455598139,1021.3382894178479,3368336
2015-10-01,1021.6862182617188,1023.7530228464561,1001.4425120221904,1004.0695693899032,2834408
2015-10-05,1047.5894775390625,1070.1318227972872,1024.815391365283,1024.815391365283,4807306
2015-10-06,1043.08837890625,1053.132933666088,1036.9071144386573,1052.7466046368634,3979590
2015-10-07,1025.298095703125,1049.6561643128668,1022.5937920041224,1040.7512596974257,2065530
2015-10-08,1017.5136108398438,1034.7245912505875,1012.182250352126,1031.4987055115175,2357550
2015-10-09,1015.9105224609375,1024.0041944918078,1007.5465331779291,1023.9655238451307,2249724
2015-10-12,1001.5971069335938,1027.77090984909,999.4336257179152,1025.7040109319926,2455912
2015-10-13,1003.8956298828125,1009.0917380777158,991.938761574448,1005.5375287675101,6179712
2015-10-14,959.5255126953125,984.3664912881694,958.0961139696468,984.3664912881694,8337128
2015-10-15,953.3634033203125,967.174665266904,952.3009985551901,961.9592236926667,3215710
2015-10-16,955.0056762695312,962.7322594108705,954.2330179553973,958.4439680399704,2333828
2015-10-19,961.4766235351562,963.8718452805374,948.7664328691171,961.9595349482829,3130642
2015-10-20,976.1574096679688,977.4129797011817,964.1232915386385,964.3743678178162,2695084
2015-10-21,977.4124755859375,982.0484240867404,974.4184255125023,979.3441207946054,1929688
2015-10-23,982.3103637695312,986.5112047863747,978.496788079316,986.5112047863747,2335398
2015-10-26,982.078369140625,986.8986279596473,973.773572207975,986.8986279596473,1414630
2015-10-27,979.9678955078125,985.3107760879013,975.8058100626483,979.561347326952,1530420
2015-10-28,979.193359375,980.9162499166124,971.8177393568141,971.8177393568141,1255342
2015-10-29,966.1265258789062,981.63263810789,964.0745020902947,980.91642896669,3130316
2015-10-30,966.0686645507812,972.534398697297,962.1195408733506,967.9271034943165,1516696
2015-11-02,974.6448364257812,976.7548992149761,963.107123120584,967.9273825810058,1319294
2015-11-03,984.7496948242188,986.433925857534,975.089800871494,978.767924003628,1364906
2015-11-04,981.0135498046875,986.2016015498748,975.6705730000978,985.3498445576384,991434
2015-11-05,961.2095336914062,981.4585851177314,960.1835688971921,979.8518641326522,1596098
2015-11-06,970.1531372070312,974.9927717336551,961.5192103067118,964.8295392277449,908024
2015-11-09,956.8343505859375,968.9914727986248,955.7696311572305,965.990899863178,2021556
2015-11-10,951.72412109375,959.0223304532853,948.5687160317113,957.45426938522,1361920
2015-11-13,928.2032470703125,943.9417969567096,924.0025005642352,943.9417969567096,2743232
2015-11-16,919.3760375976562,925.3384315224953,912.1746211995811,925.3384315224953,2043528
2015-11-17,925.5510864257812,928.60969764394,919.5305621561052,921.6600013526772,1985028
2015-11-18,910.412841796875,924.9123706745996,908.3027796492336,924.9123706745996,1520352
2015-11-19,914.7103271484375,922.0859492667546,910.6256565951966,915.7944242158736,1866906
2015-11-20,928.5711059570312,938.3277910017202,914.4780324265968,916.239678433416,2012126
2015-11-23,925.7444458007812,934.397653527107,922.3373250132406,931.2616278267814,1088082
2015-11-24,916.8009033203125,926.286586123799,915.8523539447846,921.4857069226962,998640
2015-11-26,908.1284790039062,922.3956661148276,905.1472827810362,920.6533975337076,2915292
2015-11-27,911.1482543945312,913.5099390789984,903.0757070492094,909.076853226814,1737206
2015-11-30,918.9693603515625,925.8222652712218,909.9095060386121,915.6590307857562,4100048
2015-12-01,914.4584350585938,920.711298554381,912.5807138851601,914.8456057571282,1721994
2015-12-02,915.736328125,920.7308880005925,908.4962533001358,920.6921331121767,1640296
2015-12-03,910.1414184570312,918.7559655422887,908.6895284988418,913.7227470205652,2283358
2015-12-04,901.4883422851562,908.8059262216593,898.662071411276,905.9795608236695,1246092
2015-12-07,898.158935546875,907.4896960972784,896.3972893161063,902.9598161639668,1382604
2015-12-08,901.720703125,909.4641183514921,897.1908241223244,898.0038260066391,1139964
2015-12-09,916.6848754882812,918.6788617546217,898.2362253082989,905.1665445818494,5282806
2015-12-10,923.228271484375,925.8029198333904,910.625841381853,917.2077458476232,1723988
2015-12-11,923.789794921875,926.093442940677,914.9816566844598,922.6282821872708,1652378
2015-12-14,920.8660888671875,924.176417100119,902.3400284646589,904.1209568857965,2718532
2015-12-15,919.8593139648438,923.4018871688813,914.9035113469215,920.8659008171251,1135868
2015-12-16,932.462158203125,934.8239379973616,923.0152280744295,923.0152280744295,1435934
2015-12-17,944.5997924804688,946.6324388214965,926.6351083427414,935.0173168727665,1618844
2015-12-18,935.7144165039062,942.4511506729996,929.4615513149109,936.953344169885,3024970
2015-12-21,947.1746826171875,948.5685354176567,931.862151879034,936.9340330478103,1610104
2015-12-22,931.1653442382812,944.6969475951126,929.2101123886354,944.6969475951126,1560858
2015-12-23,939.1989135742188,942.7608659081448,933.2945590752048,935.0174501717328,849834
2015-12-24,942.470703125,944.000009177487,930.7587841480948,937.3406890276779,843160
2015-12-28,953.4854736328125,954.917986632967,937.0307152648223,940.0506662936534,3704198
2015-12-29,950.8138427734375,954.4919644961966,946.9227582566463,951.8011469827874,1708524
2015-12-30,936.2949829101562,952.0528125084235,933.9719585608067,949.749165600139,1605762
2015-12-31,943.476806640625,947.987306761879,932.1133106102609,935.3074683724767,1240318
2016-01-01,935.559326171875,944.3094225918392,933.9526054313916,944.3094225918392,712262
2016-01-04,917.4397583007812,934.6301001289734,916.0652833663598,933.1394550759629,1870184
2016-01-05,909.4451904296875,924.0222335131749,906.3672002605884,923.4027221791985,2678020
2016-01-06,922.0858764648438,923.8474277207182,909.9286584580663,909.9286584580663,2653228
2016-01-07,918.0791625976562,922.5896665884183,913.7234891852266,917.5951988851641,3199580
2016-01-08,928.2805786132812,932.0554932249077,918.5625554957604,923.4021896132302,1907544
2016-01-11,914.6328125,923.0150210010431,909.4060076411433,922.4342649056146,2930228
2016-01-12,900.965576171875,915.6586850031532,891.1121009822625,914.7681735082678,3482594
2016-01-13,882.4395751953125,900.9463563842635,873.1088166158983,897.0746487934416,4746092
2016-01-14,882.2845458984375,890.0666196880085,871.134011644569,880.0389370969358,2742052
2016-01-15,875.4320678710938,887.2794394525214,873.0702878194445,886.176059217874,3269408
2016-01-18,881.8394775390625,887.3566610807476,875.005951172516,875.7802927222262,2213922
2016-01-19,882.4784545898438,890.4928715287779,878.219575639054,881.5879428134901,967910
2016-01-20,882.7882080078125,884.6853071807385,868.4241330443749,880.349012982533,1615954
2016-01-21,874.9873046875,888.7262557356075,871.59136815345,886.8245691776169,2675536
2016-01-22,890.99658203125,893.4416749083008,877.1217577657084,882.1671484077235,1343178
2016-01-25,894.4507446289062,907.7822577561117,889.3471755656818,893.3834503968287,1397560
2016-01-27,900.3111572265625,904.26982942969,885.6212702895922,893.4222584052363,1626986
2016-01-28,904.7550048828125,911.6244797216762,895.7703658785404,898.6617440314518,3106660
2016-01-29,928.080322265625,931.4568343395681,906.2493027107913,915.4279956981036,2235744
2016-02-01,932.5045776367188,936.4826739929094,915.5443223662264,928.0025937340014,1495274
2016-02-02,930.719482421875,944.2643795167439,923.5782564033442,934.949811038157,1475588
2016-02-03,937.7828369140625,943.0610345525072,916.0488478373925,926.6053378669548,1308692
2016-02-04,939.2386474609375,946.9813654946646,932.2332950484363,939.9565887757702,1250046
2016-02-05,939.9754028320312,946.9613264027433,934.6001796028249,934.6001796028249,1402996
2016-02-08,917.0772705078125,936.1333590711481,910.8869837951456,931.4566515161267,1063658
2016-02-09,885.4270629882812,905.6863194103925,875.4139805529501,905.6863194103925,2489610
2016-02-10,880.5369873046875,888.7259863558886,876.3842622665967,882.9432312260674,1890732
2016-02-11,853.039794921875,888.3769575986502,842.8325614738079,884.8839944626135,1962408
2016-02-12,864.1592407226562,870.6793637022251,839.86370021822,853.8355547505009,2172568
2016-02-15,880.6727905273438,895.3044973947447,869.3595115702531,873.2405808183345,2479712
2016-02-16,879.2760009765625,885.6603433971361,870.5241675020931,879.4506302094261,1588702
2016-02-17,883.1569213867188,884.7481032685941,871.8435452470156,879.0623735000113,1585178
2016-02-18,898.7974243164062,900.3110033624747,884.1075398899525,886.8242882566029,1529140
2016-02-19,900.272216796875,903.1248406794617,894.7611172525021,895.4985772830001,879012
2016-02-22,898.8169555664062,909.3346930758262,894.5866272043446,900.5052589027681,1324884
2016-02-23,878.6743774414062,900.3695240363401,875.8606012768965,896.624328835693,1306852
2016-02-24,858.084716796875,878.0722171433285,854.3006754691485,878.0722171433285,1659328
2016-02-25,858.8222045898438,864.7019849436783,848.2656234060131,861.5195280070708,1830556
2016-02-26,857.910400390625,875.918524705401,853.6800725987474,865.3620347707849,1537536
2016-02-29,844.8311157226562,868.1951320650687,820.8460904414933,868.1951320650687,2191718
2016-03-01,883.5836181640625,886.8631975762178,839.0871958416147,851.1185108606203,1999760
2016-03-02,899.9618530273438,904.2892076866628,875.6663196751215,894.5865337844455,1527486
2016-03-03,921.035888671875,927.963635015023,893.0340126179707,906.6177546612688,2648284
2016-03-04,914.9818115234375,923.6947960058096,911.8769550662752,923.6947960058096,1512966
2016-03-08,913.7201538085938,918.6490928127379,894.2759589367122,908.9852682672323,1268152
2016-03-09,914.8650512695312,919.5805125191376,890.7635732650226,908.5583137223343,2017784
2016-03-10,911.3919677734375,915.8746239547024,898.4485574355915,914.399797949896,1661666
2016-03-11,917.9697875976562,927.9053615149957,906.2295546096723,908.1700889878515,1530528
2016-03-14,913.991943359375,930.6805435990578,908.170338624602,916.7086922356025,1636742
2016-03-15,904.2504272460938,917.2908598546411,900.4470545918927,911.6827328669928,1623356
2016-03-16,903.1441650390625,905.0652752104395,895.3237542871707,898.4674580240855,1918246
2016-03-17,912.8469848632812,916.6310276845007,905.065421444495,905.84163535654,2221088
2016-03-18,941.4891967773438,943.0998025720285,915.9323185473198,915.9323185473198,3204070
2016-03-21,949.406494140625,952.7830051845839,939.2186881227643,941.5473294982753,2336982
2016-03-22,959.8272094726562,964.4456436680305,945.6224590733023,947.7570470170343,1951984
2016-03-23,960.098876953125,965.5711274415862,953.6951130445459,965.5711274415862,2278434
2016-03-28,959.9437866210938,976.9234673532216,955.3447756629728,966.7745075138342,3320882
2016-03-29,958.391357421875,965.2026540058114,952.8026547006712,961.7291154168078,1838796
2016-03-30,966.19189453125,972.2075500304404,954.7427437424684,958.9730700311662,2136504
2016-03-31,978.1463012695312,989.6730626962761,959.4588883517016,961.8458037662984,4363964
2016-04-01,952.3754272460938,978.3592584545518,944.6909868862255,972.2077265551268,3041400
2016-04-04,959.1094970703125,965.6102898172736,949.6979016008314,953.1908648678553,1752352
2016-04-05,955.8107299804688,964.4072640696681,947.7769322177443,958.9350109861691,1491794
2016-04-06,963.2424926757812,965.9980896110925,954.490757742383,958.6240583926872,1763150
2016-04-07,958.9345703125,964.329218449937,953.5786760143897,962.5051349270192,2390942
2016-04-08,943.8955078125,960.0601240555078,941.9355488036804,957.0717195508347,1399500
2016-04-11,972.8480224609375,976.8649663619369,936.5018529325998,944.2639901305492,2400648
2016-04-12,977.3113403320312,979.969910465447,965.6488039323823,969.4910242941334,1303628
2016-04-13,980.4359130859375,987.732343849588,975.1188659811747,981.9107386795511,1601468
2016-04-18,977.9324340820312,991.0310429322221,946.9809065026911,952.0262965783203,7121504
2016-04-20,950.9977416992188,983.8121029596081,946.980797546269,983.8121029596081,6405024
2016-04-21,940.9265747070312,957.6151757391004,936.1916882484697,951.2502588279438,2525724
2016-04-22,938.073974609375,945.1956806862714,933.0867621234931,938.8307642534214,1964126
2016-04-25,951.3472290039062,953.5982684249054,932.3494113976892,932.3494113976892,2267654
2016-04-26,966.3087158203125,967.7446926037394,947.7571844148111,950.4739331006849,2554368
2016-04-27,974.5753173828125,975.9336915925956,960.913878099434,962.5051543605316,1848670
2016-04-28,981.0375366210938,985.7918476975881,969.5302011819213,970.7721247166711,4992744
2016-04-29,984.045166015625,986.5678611759885,974.1484388480452,976.8651874822827,2372178
2016-05-02,980.6297607421875,981.9105325612794,970.2673246652959,981.5224256314133,1116692
2016-05-03,961.7681884765625,981.9109079359049,959.4006973982438,979.9703725447272,2153118
2016-05-04,961.7293090820312,967.9584464388536,953.5790606999802,960.1380322111216,1364892
2016-05-05,958.7410278320312,966.3672947621488,956.1213047984119,961.7294336753951,1246566
2016-05-06,959.9437866210938,964.1742096436792,943.4880882240591,956.6837258215984,885598
2016-05-09,975.1383056640625,977.2534699586695,953.3460397821948,959.9438590789769,1821276
2016-05-10,979.1552734375,983.4438754433698,968.7152313215335,976.0892655343175,1158534
2016-05-11,977.3699951171875,980.2031955099764,966.3865467398459,970.2676172086806,1598716
2016-05-12,995.9603271484375,997.3963043324801,978.2432776052742,978.2432776052742,1513082
2016-05-13,979.3490600585938,995.882454372869,974.2066428643457,995.4943474148125,1621730
2016-05-16,990.1188354492188,995.416551247261,978.9996111659781,985.0152678450951,1111526
2016-05-17,997.5123901367188,1005.6820597803057,990.4488631198612,995.1837486090076,1756698
2016-05-18,990.099609375,995.8241864904562,980.377512001268,995.8241864904562,1500740
2016-05-19,992.3698120117188,993.553556879625,980.3967722891934,991.6130225888445,1038792
2016-05-20,981.638916015625,995.8048195236611,979.1162208703582,986.6843063061583,1230918
2016-05-23,966.9490356445312,988.0814399907521,962.5828324840446,987.3440746913834,1533016
2016-05-24,957.7315673828125,965.707184703957,954.5879577233777,964.0577300531012,1339158
2016-05-25,980.53271484375,983.0554098385699,962.8932741766577,962.8932741766577,1548678
2016-05-26,989.1682739257812,995.4555882606826,972.2468658857183,981.910692108559,1943248
2016-05-27,998.4638061523438,1001.2582533914374,989.9061194289618,990.8957168440267,1104676
2016-05-30,1023.2054443359375,1025.35945753106,1002.0924575694061,1002.4805646405019,1349464
2016-05-31,997.2018432617188,1027.3189769743474,994.329890067351,1024.6022286408302,3722608
2016-06-01,1022.0988159179688,1026.5426204092862,997.8227134488752,997.9003158685086,1911942
2016-06-02,1028.5419921875,1030.152693502597,1009.0784590420611,1009.0784590420611,1408756
2016-06-03,1020.5466918945312,1031.5883161320914,1017.0343048999795,1029.0267722541687,1554922
2016-06-06,1024.4486083984375,1034.840144521905,1020.8017482721178,1027.5856759074088,1322026
2016-06-07,1031.761474609375,1034.8397592507881,1024.644293642406,1025.036426935036,1202194
2016-06-08,1024.68359375,1030.7420342606633,1021.7033422907306,1026.3109086971463,938266
2016-06-09,1010.6256713867188,1028.3304537590914,1001.9791119140118,1028.3304537590914,1562138
2016-06-10,1002.1948852539062,1020.8212207912477,1001.1949259884481,1006.2142523961746,1396832
2016-06-13,998.7637939453125,1001.2538793897882,987.3919250703954,996.0188600789531,1029978
2016-06-14,993.9993896484375,1003.4497471694984,987.4899368986778,1003.4497471694984,977570
2016-06-15,1002.6263427734375,1005.7829401200191,988.9604552071651,992.0975224718983,1270844
2016-06-16,1003.194580078125,1005.7041947526117,986.7837641678796,998.1948808044392,1145070
2016-06-17,1020.5665283203125,1023.4682774794212,1003.4694720574095,1003.4694720574095,1878988
2016-06-20,1042.80029296875,1046.211834150364,1016.3312904180943,1020.5663499733365,1872838
2016-06-21,1039.6236572265625,1045.0351152443777,1035.7807322147426,1044.4469153671296,1027690
2016-06-22,1046.074462890625,1050.015422092456,1031.99691432285,1039.1533477555058,1761712
2016-06-23,1037.3302001953125,1042.87884989729,1029.4679058308607,1041.114249474452,1397014
2016-06-24,1009.3320922851562,1016.88066282657,985.8824877678012,1005.8812980333647,3766586
2016-06-27,978.7061157226562,998.7636994250807,973.5298786188297,998.7636994250807,4272566
2016-06-28,966.19677734375,981.4703494721381,964.0204184898355,978.7058864331361,4499524
2016-06-29,981.4705200195312,985.2350384607581,966.7263635520345,970.530037886717,2531264
2016-06-30,1001.1557006835938,1004.998530950015,980.470666336707,988.9603151250902,5121812
2016-07-01,980.6668701171875,1005.665374837067,978.1180029692782,1004.6457896836253,2197296
2016-07-04,978.0589599609375,990.4700376448155,973.2749523479424,986.6074859417498,1883484
2016-07-05,974.5691528320312,979.1767202568079,971.3732081981109,978.0591017786488,1559748
2016-07-07,952.8057250976562,977.1376209647835,950.9234656885368,975.5102099635312,3316800
2016-07-08,951.5508422851562,957.6092835029992,942.4925234451857,954.8447241893186,2456356
2016-07-11,966.2752075195312,969.2750846271347,951.7074941014497,952.8838939705491,1543632
2016-07-12,966.589111328125,970.5300707626009,955.1780879375387,969.2360115211139,1465536
2016-07-13,977.627685546875,980.0392673362752,961.2168666832227,971.70643371383,2102300
2016-07-14,988.9212036132812,991.7053891051262,968.9616514348622,974.8436525564822,2699988
2016-07-15,958.9033813476562,991.2347587837284,951.5312547928253,986.9996992108947,8336366
2016-07-18,954.2368774414062,968.1772371230603,953.119354839963,959.5503034589423,2598850
2016-07-19,967.0792846679688,969.6674031687058,951.9037426044802,951.9037426044802,2362896
2016-07-20,978.3532104492188,981.3138367762418,960.00134812081,960.7268332075096,2815252
2016-07-21,982.7056274414062,987.9798009207406,966.3928446667663,976.2158024973938,2527148
2016-07-22,986.254638671875,989.7445872343317,977.1963198842926,979.9020017373718,1517216
2016-07-25,1006.0494384765625,1007.7203230952973,985.1535904028138,987.5910970028123,1688796
2016-07-26,1003.5533447265625,1009.6078079853091,995.847576957472,1006.0497861942175,2311290
2016-07-27,1013.3621215820312,1014.4825396340899,1000.5650911022296,1004.4965845839673,1750510
2016-07-28,1029.7567138671875,1033.8061724656113,1013.1658260007732,1014.5221724288547,4632080
2016-07-29,1029.7763671875,1035.9094409791662,1021.7954142053062,1027.6926559186882,2488084
2016-08-01,1064.7471923828125,1071.3324468727644,1034.7695413464646,1034.7695413464646,3961704
2016-08-02,1061.18896484375,1067.6759306990657,1057.4933984469494,1062.6435985963735,2578162
2016-08-03,1044.32275390625,1061.1102138240963,1041.472420801313,1055.999271704899,2294702
2016-08-04,1042.63232421875,1054.8002802989872,1036.440220483288,1049.7090142021352,1415416
2016-08-05,1041.492431640625,1055.3312755454144,1034.7695364563106,1051.2424629478785,1868484
2016-08-08,1041.6497802734375,1048.923047280442,1033.609890805694,1037.9148593779487,2058244
2016-08-09,1041.92431640625,1045.6985882997722,1013.8731698061298,1044.9909003217715,2261914
2016-08-10,1051.8319091796875,1054.4267337188019,1041.0596535747156,1042.2391018227233,2062078
2016-08-11,1065.395751953125,1067.400852721908,1047.9596298681636,1047.9596298681636,2233138
2016-08-12,1076.6201171875,1079.1166546465463,1062.309515268275,1063.4692869759897,2327358
2016-08-16,1058.240478515625,1077.2296183571405,1051.2228176067317,1076.443319365639,3183754
2016-08-17,1031.8404541015625,1061.1104127595531,1029.265305892742,1061.1104127595531,1848566
2016-08-18,1037.3447265625,1044.8145677404004,1034.0226321827674,1035.949026514085,1292064
2016-08-19,1023.5643310546875,1040.4500764128868,1022.188308331933,1037.9142823062705,2416244
2016-08-22,1002.02001953125,1020.0066075062199,997.1450045719736,1017.4708126605983,2265274
2016-08-23,1022.6014404296875,1024.1346849576237,998.6782569670688,1000.5457169354879,1503374
2016-08-24,1011.2000732421875,1022.974880203039,1010.0206248791555,1018.1784760567932,1116878
2016-08-25,1002.9439086914062,1018.1390963142397,993.0954959187399,1014.3255659027509,1939690
2016-08-26,992.682373046875,1011.3963193873712,989.635465765587,1006.3836654729943,1250314
2016-08-29,983.0899658203125,996.6142697370399,969.8014940047858,996.6142697370399,1488728
2016-08-30,1000.2307739257812,1002.452125107036,983.3647069998112,986.8047634460875,1444026
2016-08-31,987.3160400390625,1002.5309015840023,983.2076482861806,1002.5309015840023,3231668
2016-09-01,985.8222045898438,996.6141373436388,977.7823178707959,992.6629663398592,1345736
2016-09-02,988.6922607421875,990.5006906305061,981.3207085197535,987.59142308022,1742330
2016-09-06,976.6029663085938,990.7956046748365,975.0106917483016,990.6973173067167,2239066
2016-09-07,959.5008544921875,982.7556047355637,952.6010628427389,982.7556047355637,3854040
2016-09-08,912.9324340820312,927.8327607876171,898.248262800639,927.8327607876171,7021516
2016-09-09,924.8643188476562,930.4470213241549,912.1263162402233,915.9201696880524,2742438
2016-09-12,927.4591674804688,929.3855612637323,913.6792609785143,918.7902034882908,2024454
2016-09-14,915.4287719726562,934.7521240661049,908.1751841788861,928.6189545586706,2069858
2016-09-15,914.8389892578125,920.7952603369964,910.8288845214138,919.949931525549,2818964
2016-09-16,928.5009155273438,934.1229711243774,912.1066048015806,918.6721805618095,4358004
2016-09-19,948.0601806640625,954.1736735417244,923.9011672118056,929.7984087046469,2802546
2016-09-20,946.1141967773438,950.2029128598369,937.8187045911952,947.8833693871497,1184552
2016-09-21,948.8270874023438,952.994511033874,943.834107304491,946.5861541597868,1678020
2016-09-22,934.9093017578125,954.5667723582711,932.1966092084465,953.485611475246,2857574
2016-09-23,942.8115844726562,945.0721934505784,932.2161316934921,936.4818409409793,1800726
2016-09-26,943.991455078125,951.0681472193614,941.5932043478605,943.991455078125,1753476
2016-09-27,957.7509155273438,962.4293531561495,943.9906919323824,943.9906919323824,2038792
2016-09-28,952.6207885742188,958.3017788974967,949.5345270158584,955.7463074871033,1731328
2016-09-29,958.4195556640625,965.7714297038154,951.2642563097774,957.3187182286955,3603958
2016-09-30,955.66748046875,963.1373182851759,952.6402496030497,958.1246639609953,2175364
2016-10-03,948.1581420898438,966.2233331228633,943.9908171243496,963.2157793888699,1818880
2016-10-04,945.583251953125,953.4069826938585,942.7722721041093,951.421559004147,1780718
2016-10-05,938.192138671875,949.6130523150716,934.1623571947852,946.7037850568163,1176354
2016-10-06,939.1359252929688,944.5023779011347,932.845532910054,941.5931098175448,2267572
2016-10-07,930.899169921875,938.8407686171141,927.1248972826819,938.8407686171141,1816512
2016-10-10,935.8136596679688,938.4083884605722,925.8866360062882,931.7248477774605,1202142
2016-10-13,915.6058349609375,931.7249645103093,912.4606389513038,929.1302353926206,5173334
2016-10-14,930.2703857421875,938.4479150491309,900.7055606944109,910.141149283091,7741214
2016-10-17,928.7958374023438,934.0444206055092,921.6994711033856,931.3316319900404,2728346
2016-10-18,943.6371459960938,949.7309615366692,925.7882020965487,934.1229499617494,2128632
2016-10-19,941.6322631835938,947.4901514526015,931.882137864012,943.9518064886706,1985058
2016-10-20,944.0104370117188,947.2343381738156,938.0542632975126,942.3395524270521,1265854
2016-10-21,954.8224487304688,956.1001845438436,942.8707429004046,943.5587544922219,1259660
2016-10-24,957.0101928710938,959.8484458670343,947.0959887368211,957.2072951102747,1253190
2016-10-25,945.4795532226562,951.8460122246742,938.6007054778116,948.0616113709101,1772466
2016-10-26,944.6123657226562,947.1746945185654,935.2500105068344,945.5387846300114,1437130
2016-10-27,953.2261962890625,957.7200903010316,932.4909955163986,938.0886816734672,2941602
2016-10-28,945.5784301757812,952.043442508721,941.3604607598414,950.032960817093,1752102
2016-11-01,926.3804321289062,945.972373509071,920.132253270999,945.972373509071,2934776
2016-11-02,908.2666015625,924.0150469584331,904.6990327515375,922.8324338437252,2325076
2016-11-03,914.3375244140625,920.4674230750974,900.5600976509892,904.3050400575046,1463310
2016-11-04,918.71337890625,920.9208665108637,904.3051842077667,914.5545019014903,1183752
2016-11-07,897.623046875,924.3697546489734,890.9215728319818,921.6103241606718,2048052
2016-11-08,900.0477294921875,909.4298161984186,890.9022039915154,898.9636670758262,1933634
2016-11-09,855.36474609375,896.8153143229534,844.721223682005,859.3658836149621,4500226
2016-11-10,849.6878662109375,874.1482688096568,843.9128101694405,869.1418921102828,2172426
2016-11-11,828.2826538085938,846.3766960746278,822.3893164426414,846.3766960746278,2398424
2016-11-15,836.2260131835938,850.5159261049889,808.8681635285926,834.4914556635082,6290324
2016-11-16,863.1502685546875,870.7583389127863,842.8092765182355,845.6081671491396,4019958
2016-11-17,842.4938354492188,870.6400944037323,839.714674484867,861.3368297370417,2504688
2016-11-18,837.7238159179688,847.5394670632472,829.4848861445217,844.3858318369654,2140534
2016-11-21,840.7987060546875,843.5975963897084,829.8004394394094,838.1575552581818,1793366
2016-11-22,841.6265869140625,858.3605482814881,836.5216580121942,840.4439734429889,1318860
2016-11-23,850.0429077148438,852.6445996567096,838.5517888539389,847.1454661581606,1275808
2016-11-24,862.6964721679688,870.2455430547502,842.414678039927,849.4708972583904,3026234
2016-11-25,906.8082275390625,909.5281996949981,864.17495935023,871.9802265577357,4276148
2016-11-28,899.8109741210938,914.3373480672617,887.7088224221549,904.3048656456527,1924296
2016-11-29,890.8428955078125,903.5165290925814,887.9651839984783,896.8150539640587,1442296
2016-11-30,897.2291259765625,904.6007305044966,883.9247247762023,892.873147224179,3445832
2016-12-01,892.2620239257812,902.7281710965841,888.556540671956,897.6035133567344,1123052
2016-12-02,875.86328125,895.1595717133627,869.2997187718287,890.1137350124134,1998032
2016-12-05,861.7310180664062,882.1705594388503,855.423746204987,878.6818111939705,2249526
2016-12-06,860.2921752929688,868.8069342158946,855.3842525817064,863.3078010329228,1593444
2016-12-07,849.3331298828125,861.1198032323688,845.8246528928715,860.232843310841,2065706
2016-12-08,865.5742797851562,866.8554440385101,851.4814729982636,851.6785751910874,3239546
2016-12-09,865.3772583007812,875.0943588167208,856.7244904770923,869.220751419302,1588718
2016-12-12,870.4820556640625,874.1876344233227,852.6640376937567,865.1997556931315,1311758
2016-12-13,867.3679809570312,874.3453797527836,860.548225428461,874.3453797527836,2147534
2016-12-14,870.2457275390625,876.9865654649692,862.9134867340608,872.7685973637326,1870366
2016-12-15,890.6262817382812,895.6721187884662,868.0383437361177,868.0383437361177,4295410
2016-12-16,899.830810546875,902.7282519481303,887.748481828467,897.603593749298,1987230
2016-12-19,902.294677734375,905.763696721745,891.4146908429007,898.7862960402264,1334210
2016-12-20,922.1624145507812,924.409360485789,901.5652337041363,903.5165263255558,2922760
2016-12-21,912.031494140625,923.9364498061099,908.8778584018833,923.9364498061099,2034902
2016-12-22,909.7053833007812,916.5251379843655,901.2299895516785,909.0352551363212,1868300
2016-12-23,901.9793090820312,913.6674334161718,898.3131881701822,906.670303896967,1118954
2016-12-26,903.9503784179688,907.3011166715696,893.267397959955,893.267397959955,897408
2016-12-27,915.8947143554688,918.4965026018621,899.3775839854713,899.3775839854713,1294692
2016-12-28,911.9524536132812,926.340914736307,907.9118583664041,917.1953915721257,1350418
2016-12-29,927.050537109375,930.2829941812771,907.8528006512907,907.8528006512907,1963516
2016-12-30,932.5105590820312,937.6549475234389,924.6658310733586,928.3122230301815,1405748
2017-01-02,930.8549194335938,936.2752318027404,927.3267118438757,932.924493247268,823132
2017-01-03,933.57470703125,934.9346931621716,923.7393250590227,930.815275827104,1475324
2017-01-04,938.0093383789062,941.6951878919624,929.6522246271115,934.1461161400533,1420066
2017-01-05,920.2307739257812,942.128849047099,914.7119119595748,939.7833519597243,2216404
2017-01-06,899.3380126953125,918.2401934644068,889.7589213514015,914.9485477409768,3009896
2017-01-09,908.1285400390625,911.1245315896174,889.7192161789666,896.8148944648423,1854578
2017-01-10,912.721435546875,918.4176713733821,903.319619643189,908.2471759362459,1533914
2017-01-11,916.2886962890625,918.3386362234664,898.8648805358092,912.5832133146765,1931296
2017-01-12,924.1531372070312,930.3223976610989,908.2469509369372,916.2886823185007,2570374
2017-01-13,886.6840209960938,929.5142927249282,882.1703996361616,925.5919779948905,10235580
2017-01-16,890.3307495117188,896.3817319075052,878.287780667669,886.9602811949081,3364808
2017-01-17,898.2932739257812,901.8608429838195,888.0636890233577,888.8914605162004,3009956
2017-01-18,904.73876953125,905.8819240633441,893.050548579977,897.9978342107476,3136574
2017-01-19,903.1221923828125,904.7581019868553,899.948828023823,904.6990098291378,2251676
2017-01-20,900.8955688476562,906.6706280471507,892.8734663159984,901.5459679755799,2037246
2017-01-23,911.9050903320312,914.5933459665463,893.3642048295136,895.4198956620824,2318546
2017-01-24,916.5108642578125,918.3491051775482,905.3032504763604,910.8378555011067,2282638
2017-01-25,930.2090454101562,932.9763481376833,916.3923175237468,918.1910835998113,4111648
2017-01-27,932.1061401367188,940.3882580934874,927.0656986062124,927.0656986062124,2871658
2017-01-30,922.2626342773438,929.7936681625473,916.4315337479451,925.4648365642279,2577956
2017-01-31,881.5044555664062,921.926838115476,869.7434200570191,917.1631052698482,4666804
2017-02-01,857.0333862304688,885.5168495391208,852.1511327802501,877.6300581842802,4864152
2017-02-02,872.7478637695312,877.234885680275,851.1431765974007,857.8835540803134,6009482
2017-02-03,882.5916137695312,886.7227817464549,866.165677577567,873.5583091966699,2153372
2017-02-06,885.8330688476562,892.8501555249053,875.6335658107993,892.6524911114617,2408910
2017-02-07,887.355224609375,890.5178555850608,880.0020689845704,887.1179886798635,1814638
2017-02-08,897.7720336914062,902.3776727089826,887.1377262198627,887.47369783327,2212584
2017-02-09,916.0958251953125,920.3258257959276,897.4757924330456,899.3733907584773,4033202
2017-02-10,947.9786987304688,958.4549121744068,913.6048780732402,913.6048780732402,5782160
2017-02-13,954.4229125976562,960.254014579976,941.8119577642701,947.208159297498,3819812
2017-02-14,951.2601318359375,956.5575003014354,947.9986685267857,956.5575003014354,2033328
2017-02-15,954.2051391601562,959.8583605041817,938.9455048474671,947.6031672687494,1924972
2017-02-16,967.666259765625,979.6249583083315,962.8630525110058,972.5090385143243,4175680
2017-02-17,951.9122314453125,978.6760698949414,949.5798300029261,977.2528475300722,2723324
2017-02-20,989.192138671875,1010.0655277860469,951.9917401568655,958.672761205935,3973948
2017-02-21,974.6237182617188,998.5607955314562,970.5912880231432,993.8564222741882,5501112
2017-02-22,953.3355712890625,976.4623102152123,948.848550002184,974.8414232396941,4505496
2017-02-23,981.1272583007812,985.6537547871699,954.7192691511141,954.7192691511141,4853352
2017-02-27,984.3097534179688,989.1129612059743,976.4822214721615,980.0599675135066,2139892
2017-02-28,974.97998046875,984.3690426222756,968.5558853110745,984.1713781558857,2354828
2017-03-01,980.2376708984375,989.0732128006596,976.4622610716942,980.3759780866607,1130374
2017-03-02,988.8954467773438,992.2755281385142,976.4821580595581,983.0643455661713,1544942
2017-03-03,985.9698486328125,988.203417827334,978.5969083364382,985.1594052603124,1013970
2017-03-06,977.4506225585938,981.9969045239826,970.354488707089,980.4155890577604,1400694
2017-03-07,988.2431030273438,990.2987937951286,978.4587137473319,981.5619873872489,1511672
2017-03-08,993.1453247070312,996.2289096830302,985.2387460587532,989.11298889958,1791510
2017-03-09,996.1300048828125,997.8101527231744,989.9233603992329,993.9161244162327,858468
2017-03-10,1005.0247802734375,1007.9107002142268,993.8369543888023,996.0706203260514,1171420
2017-03-14,1015.0068359375,1022.7750093374652,1008.5036955712718,1010.7768364891455,3402294
2017-03-15,987.6500854492188,1016.8450631178667,985.890891369545,1016.7858023966883,3022496
2017-03-16,996.5847778320312,998.996323194009,990.6944146910117,990.6944146910117,1571818
2017-03-17,998.5018310546875,1006.5072401723189,992.1765695296455,1006.5072401723189,2593152
2017-03-20,980.4156494140625,998.5809926474167,974.8810449415637,998.5809926474167,3487540
2017-03-21,983.0643920898438,985.1596546392365,974.4857739509301,981.2063654954193,3373700
2017-03-22,980.0003662109375,986.7407419444523,976.4424068048878,980.4747414952456,1888716
2017-03-23,972.6475830078125,982.4121883908516,967.4489496074641,981.2064158369546,2620638
2017-03-24,959.5422973632812,976.3833472954233,958.0005532426093,976.3833472954233,5099814
2017-03-27,953.5529174804688,964.6023389036795,951.1611587714151,959.4432784026891,2181270
2017-03-28,960.6292724609375,965.9464259284987,952.742481594884,952.742481594884,1153158
2017-03-29,966.4208374023438,968.8718566954877,958.9095900910764,963.0209710656519,1717764
2017-03-30,964.99755859375,974.4854493787766,962.6255858974932,966.5393022399903,2986086
2017-03-31,961.3609619140625,964.9387082221804,954.719416237068,963.9700750799788,1867044
2017-04-03,953.4143676757812,962.6255472462279,952.0307169918544,962.6255472462279,1196888
2017-04-05,949.2833862304688,956.6562305614391,946.8125809565737,956.6562305614391,2905568
2017-04-06,948.8092041015625,952.7427075953108,945.8442371692119,948.7894183521767,1720704
2017-04-07,960.2735595703125,961.9339214322608,945.6858671387334,946.7730214730348,2277012
2017-04-10,957.585205078125,968.160250691022,950.7657831408362,961.439660955723,2543264
2017-04-11,956.4193725585938,965.8282211129866,951.1614780856219,955.628714638323,1557784
2017-04-12,946.1210327148438,959.8587140631529,942.0689108782921,957.6844047850032,1050538
2017-04-13,920.5826416015625,952.3473586072771,917.5781997495875,948.7893983634143,2500472
2017-04-17,915.1271362304688,922.2627456117912,907.339079743458,921.2744233688552,2270882
2017-04-18,912.7353515625,922.7766666634516,910.0668815812325,921.1163046449423,1730620
2017-04-19,908.9201049804688,928.5086648811242,890.5966743593049,894.8266729046422,5626812
2017-04-20,919.33740234375,921.90704032063,905.6787688711643,911.351777472616,1268842
2017-04-21,913.5258178710938,923.3496807225554,909.6515762960039,920.7603542738742,1161154
2017-04-24,920.3651733398438,924.931144538399,902.3381384086742,909.2563935771964,2000020
2017-04-25,913.8030395507812,926.8291115965995,910.324124834218,920.3259684508841,3148710
2017-04-26,913.3483276367188,926.6313231656072,910.4624068424641,925.0697930318241,2187438
2017-04-27,910.3038940429688,920.2464720515383,900.4206732685425,911.6480699777874,5773186
2017-04-28,898.6417236328125,908.762180651182,896.605818691411,906.8843686411361,2540510
2017-05-02,905.2636108398438,910.0471291432422,901.3498933304049,906.8844979385741,2382696
2017-05-03,924.0020141601562,927.046026586081,896.8033736931875,907.2795867868042,3514406
2017-05-04,921.1560668945312,929.0230747509714,912.7355405734033,929.0032889994003,2708208
2017-05-05,917.360595703125,922.104541899392,910.2446764087246,912.4189850820136,1682474
2017-05-08,926.0381469726562,927.9950056916717,916.2537568617353,917.5583615130267,1071782
2017-05-09,930.0309448242188,933.3714544452625,922.1243674888078,926.6310779636574,1790270
2017-05-10,922.0846557617188,931.4539291760993,915.5815161955323,930.9993396547835,1206388
2017-05-11,928.805419921875,932.9761589185135,918.2501581050751,927.955501434281,2071302
2017-05-12,933.2328491210938,936.8896403487126,917.1825585071963,926.3739526739141,2314446
2017-05-15,934.9923095703125,940.0722274258487,925.7020815175225,938.9455981034146,1817604
2017-05-16,960.3130493164062,962.6257617240069,938.2932514006707,940.8826747035467,3601026
2017-05-17,970.6705932617188,972.8053301436674,957.8816681654399,962.0326205037549,2876198
2017-05-18,1002.6329956054688,1016.785787534504,965.4918699868362,968.5556685301458,5138594
2017-05-19,991.1490478515625,1004.3530941493702,982.7878782419732,1002.6333744205966,1786044
2017-05-22,1000.7152709960938,1009.5705946295045,992.2749652550391,992.2749652550391,1663940
2017-05-23,996.9005737304688,1013.682261281522,993.856561401654,1001.4468547392671,2748596
2017-05-24,1011.7061157226562,1015.9954737414902,1000.0439108684252,1002.0799130152076,2534548
2017-05-25,1037.5799560546875,1042.6994444597299,1015.2043084688684,1018.762267493876,4094094
2017-05-26,1019.2566528320312,1038.469674402639,1013.8801416266407,1037.7382773912855,1362550
2017-05-29,1017.1217041015625,1026.4711912697512,1013.6230057445185,1019.5529375253952,1749290
2017-05-30,1008.5232543945312,1018.3471163283809,998.205134986955,1012.0416418085564,927634
2017-05-31,1006.7444458007812,1016.9834239800999,999.3912908927862,1001.3679350599001,2502730
2017-06-01,1009.5121459960938,1013.6235288797429,1000.1823432393719,1000.1823432393719,1080064
2017-06-02,1013.97900390625,1024.633194416015,1009.0769644092851,1010.5594477066543,1355648
2017-06-05,1029.4163818359375,1035.7218567235875,1012.100961557374,1014.0183447922557,1500188
2017-06-06,1065.806396484375,1070.9258849091318,1039.714696867176,1040.1100256492546,5946720
2017-06-07,1033.883544921875,1067.3876575046602,1018.5843411341372,1066.2016712185439,4927776
2017-06-08,996.8610229492188,1029.8116166280029,994.4494789477129,1027.0641010956701,3330714
2017-06-09,991.0894775390625,1007.060725287964,982.7875712653008,996.228752851391,3148034
2017-06-12,983.261962890625,993.4218957193245,976.6204184584544,987.1362051857111,1626506
2017-06-13,980.0042724609375,991.8168700119583,978.1853957492017,985.3808747534868,1175414
2017-06-14,987.4594116210938,989.7779740518301,981.3832497161725,981.3832497161725,1489142
2017-06-15,963.8743896484375,987.259696937876,961.395966343586,986.9798922670743,2997198
2017-06-16,959.2772216796875,973.3883745129676,954.0005567865286,965.3733911709905,2450426
2017-06-19,972.0690307617188,977.9254085959662,961.4556817674918,966.1527296520163,1644742
2017-06-20,977.3857421875,978.9847372667434,951.5220162997217,971.7892594101482,1670958
2017-06-21,961.9153442382812,976.2462769921448,958.2775919247754,975.3868563001682,1657818
2017-06-22,957.3384399414062,971.7893198305773,953.400875275988,962.9948463479476,5775882
2017-06-23,944.0863647460938,964.9732316546131,941.0083196680258,959.156869293168,1424756
2017-06-27,936.55126953125,953.2806938674314,932.054096710519,939.6493219188646,1974330
2017-06-28,939.429443359375,942.6074259763209,933.4132059604365,939.3694224979856,1789726
2017-06-29,932.7138671875,948.2241398070412,928.6564559942655,943.0073985622255,2471826
2017-06-30,944.3463134765625,950.2025924780693,928.6561781148611,929.1757733120751,1753848
2017-07-03,948.8432006835938,952.6208049755212,936.6508698653463,942.367196074734,1475956
2017-07-04,946.1453247070312,951.5818489014663,939.4295264951713,948.7236845076376,1215134
2017-07-05,941.8081665039062,945.405905679855,937.4109297333023,943.7269802500632,815856
2017-07-06,938.4303588867188,944.1666958782823,935.4522497062984,943.0074633419877,1026788
2017-07-07,932.1941528320312,941.9879979927765,929.6157927066553,939.4096378674005,1232090
2017-07-10,973.3679809570312,977.3454606083596,950.9820559784254,961.7952767593903,783608
2017-07-11,989.6978759765625,1005.2880756703364,969.7903706947633,969.7903706947633,3537504
2017-07-12,975.1668090820312,992.6958261413232,971.4292178214126,992.376007707476,2646450
2017-07-13,977.9451904296875,988.1787962900682,970.0302441663896,977.3855812820457,3131960
2017-07-14,958.3773803710938,969.3904751854769,949.4030427074258,952.601031903914,4508432
2017-07-17,957.5781860351562,968.2315494734509,952.2815147526865,958.477620781236,2211822
2017-07-18,962.735107421875,976.5863649643443,957.858093753398,957.858093753398,1908002
2017-07-19,979.2245483398438,983.3818961800405,965.4332168690261,965.5930773263772,3915576
2017-07-20,977.265380859375,982.1422942502118,971.5889702702084,979.0842565045497,1182504
2017-07-21,995.8539428710938,999.3717509534293,973.208218032448,973.348071520643,2148416
2017-07-24,1014.494873046875,1018.2230320689865,994.9722699193798,994.9722699193798,2271402
2017-07-25,1030.85009765625,1034.2575352724577,1009.563595282343,1012.5100657807791,2678832
2017-07-26,1024.636474609375,1032.253099420634,1021.0285996987786,1026.23997456964,1459826
2017-07-27,994.8515625,1036.181818076944,988.7582814947266,1019.1045023055669,4255304
2017-07-28,995.8941650390625,999.401822637911,978.9371264443611,994.5712574563718,1382752
2017-07-31,998.9005737304688,1009.8043566579169,987.3553515079195,990.5623522436334,2019662
2017-08-01,1002.8492431640625,1010.5059973969328,998.579962120702,1002.1878383387215,1747460
2017-08-02,991.6852416992188,1005.3951560716631,986.9548940384508,1002.1881539789306,1251024
2017-08-03,997.9586181640625,1002.9896208482143,988.7384897549862,994.1703675873587,1882548
2017-08-04,1011.3278198242188,1013.5326330878054,997.3773454188166,998.499815381533,1387890
2017-08-07,1003.5711669921875,1010.2056722310258,994.6516923068144,1008.8026087973716,1885520
2017-08-08,1003.41064453125,1013.6530250119906,1000.7047370509913,1006.9984578384984,1073958
2017-08-09,1006.9981689453125,1011.3477025729884,999.5018247616164,1002.187668138249,992946
2017-08-10,1006.77783203125,1010.4458982158893,996.7159249265627,1005.7957075305202,1526172
2017-08-11,1000.6043701171875,1016.2184365806093,995.3729301892121,1002.147680618455,1394736
2017-08-14,989.9213256835938,1006.1567736773083,987.3557631733023,1003.3907735374647,786504
2017-08-16,999.1213989257812,1019.7464095283634,988.2375779240617,995.7740516733528,1373340
2017-08-17,996.4349365234375,1004.1919071698859,986.9944082669031,1002.468125040689,1752374
2017-08-18,1007.7197875976562,1022.1913191476818,990.7226256200112,991.7649399676104,2837356
2017-08-21,1013.7333374023438,1021.8309977635569,999.9031414734137,1004.3929246357754,2304834
2017-08-22,1001.2058715820312,1018.0225665850273,998.9809946563844,1011.4081258098146,1131326
2017-08-23,997.9586181640625,1008.9225926158626,991.4243336740831,1004.1922462928763,1562272
2017-08-24,1000.82470703125,1009.383330781203,996.6354843872749,1001.2656108722721,1623908
2017-08-28,997.0967407226562,1004.3525219286632,986.5537051207693,1004.0319001172752,2036796
2017-08-29,990.5023803710938,1000.5843510099498,987.7362831788093,994.972099041144,1312602
2017-08-30,995.9943237304688,998.1790736148014,986.1929463767863,994.5711974451093,970782
2017-08-31,1000.7245483398438,1003.9515144483577,988.8184801294547,996.1745770191832,1784664
2017-09-01,984.7298583984375,1001.4063057467164,976.7524811236613,994.1704888646648,1702330
2017-09-04,984.62939453125,986.553614572498,977.3334873335027,983.3867404514106,1062544
2017-09-05,995.9143676757812,998.179273465595,976.9529506580524,986.1530171587806,1165994
2017-09-06,983.4268798828125,992.1058854387861,982.1440990009561,989.419943688449,1228764
2017-09-07,986.1930541992188,989.5202398457786,982.5651143023975,985.3511771862845,870636
2017-09-08,990.4024658203125,991.7654025691585,983.1666477352607,983.6476784777982,1021134
2017-09-11,983.9278564453125,995.3527966423219,982.1439818481797,990.6425142803969,732764
2017-09-12,997.557373046875,1000.98487386697,984.9498738851203,991.7246222295026,1396460
2017-09-13,997.8587646484375,1014.8759013456367,992.2465105189525,1002.1882374080292,1278980
2017-09-14,996.9564208984375,1001.2257999087,990.9232304005893,994.9721085074265,1081510
2017-09-15,1004.613037109375,1009.0025997632097,996.1745969056719,1001.7868481558447,2944072
2017-09-18,1001.8069458007812,1009.7843212031164,997.8783502171088,1004.1720697606983,726600
2017-09-19,1001.4862670898438,1004.1921741459256,998.780360033762,1004.1921741459256,782754
2017-09-20,999.6021728515625,1007.8000494635526,991.8853268085342,1007.8000494635526,1334642
2017-09-21,1012.1693725585938,1018.6234999985496,994.1701219977973,998.5998108653532,2438740
2017-09-22,1003.6311645507812,1012.9714781792288,998.9809732001163,1010.165351850015,2435396
2017-09-25,1006.4973754882812,1015.8177235835128,999.281622124231,1000.8049674084032,1599558
2017-09-26,992.0255737304688,1012.7708611312966,988.5580431003201,1006.1965483300096,1449230
2017-09-27,1000.1834716796875,1007.0785044956423,991.6648749770048,998.1790959849386,2010356
2017-09-28,992.7471313476562,1007.8000110710868,982.9457546325795,1000.0631019928621,4332866
2017-09-29,976.51171875,995.7737876379922,970.7190929007238,993.7694120590107,1985014
2017-10-03,981.5225830078125,983.8677414047248,972.9438953305335,978.1352081110787,1923006
2017-10-04,979.0573120117188,983.7475312787989,972.1221529548033,981.9837199224289,1300778
2017-10-05,973.9661865234375,979.5182479616692,971.8815576980688,978.5361235361963,1684686
2017-10-06,980.80126953125,984.1486166012638,973.3450495286478,974.126736595141,1389188
2017-10-09,983.7880859375,989.340149968492,978.5566438417708,978.5566438417708,1773616
2017-10-10,985.8521118164062,990.1414559087618,982.6451109443798,984.1483926031422,1222010
2017-10-11,1002.328369140625,1007.9806508721656,984.850170859862,986.1530152906321,1527746
2017-10-12,1021.5098266601562,1024.235796691081,1004.9937934655734,1007.3990438687619,5006356
2017-10-13,1025.6793212890625,1045.8633287970026,1011.4081250848043,1021.5101605057217,4066320
2017-10-16,1036.0213623046875,1038.2663015641288,1024.2557391922871,1024.2557391922871,1218590
2017-10-17,1040.0906982421875,1048.2685126121075,1033.2758203106157,1036.262320771351,1443016
2017-10-18,1036.903564453125,1047.747157524835,1034.2577496664846,1040.270876118034,1514144
2017-10-19,1035.821044921875,1040.5915169339632,1030.6497957132763,1039.0681721076671,86822
2017-10-23,1037.4248046875,1053.900813185764,1021.2094237695222,1035.8614306854372,1886088
2017-10-24,1033.6162109375,1050.653400911372,1029.8680878651805,1050.2926525069392,1339020
2017-10-25,1028.9937744140625,1050.740196464591,1027.0241782582364,1036.4703888997506,1105106
2017-10-26,1020.5320434570312,1032.711542208308,1012.1107720897982,1019.0246700337256,3007552
2017-10-27,1038.8016357421875,1042.3589789819086,1017.0954533058582,1020.1905745074794,1409270
2017-10-30,1051.625,1053.1524927083026,1037.757152290673,1039.4856282991109,1137252
2017-10-31,1054.759765625,1061.1912276105184,1045.6351485603102,1045.6351485603102,1592634
2017-11-01,1046.2579345703125,1055.9051249530003,1036.6107441876247,1054.759481840538,741882
2017-11-02,1055.6239013671875,1074.8580306617916,1047.825793353637,1048.52923447318,1468422
2017-11-03,1053.192138671875,1059.8647216168547,1046.2381007552628,1058.136246576631,666886
2017-11-06,1071.461669921875,1073.9739601863012,1049.8358556984265,1053.152078847469,1377000
2017-11-07,1089.34912109375,1112.6430556112343,1071.6625985334558,1073.2503462723973,2696892
2017-11-08,1099.3782958984375,1109.0254911823727,1092.6453575231913,1094.55469825647,1402252
2017-11-09,1099.940673828125,1105.4074554075758,1093.0671081690161,1105.4074554075758,1152432
2017-11-10,1088.826416015625,1095.760335969947,1082.6361731080344,1094.2328441208608,1356566
2017-11-13,1109.00537109375,1116.4216328267096,1086.1335182400492,1086.1335182400492,1496996
2017-11-14,1091.177978515625,1108.0404485929218,1088.3239779523378,1108.0404485929218,1657252
2017-11-15,1087.4400634765625,1107.4177802109919,1085.8523153245844,1087.7214204177653,6670834
2017-11-16,1104.0615234375,1110.6337166068251,1080.0641370273424,1089.3294867913487,1653482
2017-11-17,1088.2437744140625,1104.6440249707807,1086.756518197238,1104.6440249707807,1325464
2017-11-20,1086.6962890625,1096.122383637,1083.4203014196232,1091.339021654821,1014498
2017-11-21,1074.4364013671875,1085.7115819996761,1071.6427536509207,1085.7115819996761,1527740
2017-11-22,1077.5311279296875,1089.2082707944883,1074.2149053235025,1074.456124403936,1822624
2017-11-23,1077.7724609375,1082.4955663607227,1072.8483723047786,1077.6719693327507,793470
2017-11-24,1080.5059814453125,1086.4751245995535,1074.4966023898264,1078.0740646922463,2287512
2017-11-27,1079.62158203125,1083.6612661689803,1070.115017020413,1080.4857706066277,1856786
2017-11-28,1079.400146484375,1086.2737114692943,1073.250042344801,1079.68150327271,911716
2017-11-29,1068.487060546875,1082.49563033132,1065.2110732929812,1076.265150468663,1447532
2017-11-30,1059.9849853515625,1072.0238547312363,1054.3574579359683,1066.6776840591638,4299962
2017-12-01,1057.151611328125,1072.4464538827685,1053.7550145628477,1059.1815614621796,1031144
2017-12-04,1058.1162109375,1068.6275922347638,1046.2983408043622,1053.9558197628553,1259104
2017-12-05,1059.4027099609375,1065.8944289537833,1056.42809931253,1057.5737429636636,1167914
2017-12-06,1058.4984130859375,1063.2014015486932,1050.2782177182476,1059.5837030179036,1407518
2017-12-07,1052.0467529296875,1063.5831710936427,1051.1423283641734,1058.0963679840622,1326300
2017-12-08,1045.715576171875,1063.2011143473417,1043.9067273951025,1052.3480216867072,1385548
2017-12-11,1069.672607421875,1074.3152398828533,1048.4688841605066,1048.4688841605066,1008002
2017-12-12,1049.9967041015625,1070.0347724341798,1048.0873633167907,1069.6328059531752,1882246
2017-12-13,1056.5283203125,1065.7936643531023,1045.514481522537,1049.6948923286925,2961458
2017-12-14,1028.14990234375,1057.9757961176697,1017.4174167444463,1057.9757961176697,5504150
2017-12-15,1023.245849609375,1038.8621875425783,1019.7286431195082,1030.5415015309618,2718138
2017-12-18,1037.274169921875,1040.670765964381,1002.644807998812,1019.7886336337132,2180664
2017-12-19,1035.1842041015625,1044.2284491024056,1030.9233205355185,1035.465560985432,1801952
2017-12-20,1040.671142578125,1042.1986348936978,1025.2758061187542,1037.8774950517898,1577570
2017-12-21,1043.3841552734375,1048.3283615753105,1037.093420425724,1039.8870672528099,1293648
2017-12-22,1063.9046630859375,1070.7983481997503,1041.1734415327196,1046.7205979695027,3665664
2017-12-26,1064.98974609375,1081.1890099258699,1057.8147054952258,1079.6816360854677,2175786
2017-12-27,1053.111572265625,1068.627512205168,1049.3331279336435,1064.989697210045,739284
2017-12-28,1055.94580078125,1066.6180302076573,1047.3838953264237,1048.6501485911797,2605088
2017-12-29,1085.7918701171875,1088.8869924827472,1052.5693787603775,1054.3983459288654,2609542
2018-01-01,1063.4425048828125,1083.2192350699193,1059.1816211560727,1078.194654324397,1351760
2018-01-02,1057.6541748046875,1073.0897464054783,1053.2325435570622,1069.230828971194,1920290
2018-01-03,1060.6488037109375,1072.8485255243613,1057.6541730889912,1057.9757658973845,1257120
2018-01-04,1068.0650634765625,1070.0346597715693,1061.1913981205646,1065.2110625073851,913082
2018-01-05,1080.968017578125,1085.108291103656,1065.2109544081081,1065.2109544081081,1153706
2018-01-08,1091.0977783203125,1096.102339524943,1078.0138478542724,1085.309500240237,1242220
2018-01-09,1088.92724609375,1093.7508440830911,1075.883452824844,1091.3390450884206,2149396
2018-01-10,1128.1593017578125,1131.9377478832766,1083.1590702389474,1089.7312622555266,3365850
2018-01-11,1121.6871337890625,1134.308838308402,1118.3507933553306,1129.5254778524513,2520744
2018-01-12,1115.9998779296875,1127.5161804108889,1101.6094557146391,1127.5161804108889,3360314
2018-01-15,1103.8404541015625,1128.7221459125362,1099.398703807503,1116.3214377828447,1457214
2018-01-16,1145.946044921875,1150.2872038897715,1105.6287920594552,1107.8194894923236,4267752
2018-01-17,1161.2608642578125,1175.7517732615158,1150.4881446225431,1153.6436202600173,4280806
2018-01-18,1173.0184326171875,1178.9675554907087,1152.859855128504,1164.4967638106318,2209478
2018-01-19,1189.5391845703125,1198.6638022032798,1167.1696955769755,1177.9826505953479,1820000
2018-01-22,1255.6585693359375,1263.0320174973945,1177.3310404868898,1193.0449044769614,4367110
2018-01-23,1249.8560791015625,1266.1139175438598,1245.0412115589659,1255.0738660764937,3239610
2018-01-24,1279.1085205078125,1313.1350588992666,1242.059986938684,1245.0214851587637,5621538
2018-01-25,1257.5321044921875,1281.20362849311,1241.3951565420073,1279.2695949434835,3833844
2018-01-29,1288.87890625,1299.4152103913075,1257.914507547802,1261.7019109839762,3141060
2018-01-30,1270.3443603515625,1290.8730823417052,1266.657589137334,1281.2835817728783,1574758
2018-01-31,1254.0263671875,1269.196244861818,1248.4862248488175,1263.9582921052454,3043214
2018-02-01,1264.60302734375,1285.3130477626044,1244.5376190246266,1258.7203640157918,2400630
2018-02-02,1270.6668701171875,1285.3130313106017,1250.4403336242824,1257.1086701219676,2456490
2018-02-05,1250.33984375,1284.507438964646,1239.7229733433348,1253.0797161794385,2757742
2018-02-06,1207.650146484375,1239.8433665259188,1202.7143839372288,1212.787368727323,2657306
2018-02-07,1190.6473388671875,1221.2490565219348,1187.5851111891373,1219.6373784532816,2180324
2018-02-08,1198.3629150390625,1219.878871012135,1192.2385595505882,1200.5991374859293,2755004
2018-02-09,1197.35595703125,1206.3410822946246,1167.1168263934462,1188.6126228353849,2102458
2018-02-12,1195.5831298828125,1218.1667890023139,1190.8488254495041,1200.0152446714415,1974562
2018-02-14,1173.2210693359375,1198.4639377297024,1165.4447029836251,1196.670965552763,2847532
2018-02-15,1178.88232421875,1185.7923558541095,1170.5217427087355,1181.3400747014744,2465236
2018-02-16,1181.783203125,1208.5975187905817,1177.7338419828643,1177.7338419828643,2515756
2018-02-19,1177.9754638671875,1189.9421530825043,1166.5324912952385,1186.5979016316069,1568224
2018-02-20,1186.496826171875,1202.7344966121982,1179.7075953747524,1179.7479266597334,1889068
2018-02-21,1225.8018798828125,1233.981164508211,1192.6617546478944,1198.2824613817174,3089228
2018-02-22,1228.9847412109375,1240.5888396708751,1217.8238934411238,1229.7100158088701,3463010
2018-02-23,1239.3001708984375,1244.6186901400858,1205.5758188128666,1228.904825162597,3362500
2018-02-26,1221.531005859375,1245.0010662998234,1217.3003511877062,1238.9774395601555,1363882
2018-02-27,1225.8221435546875,1240.4078093451787,1221.6518875066545,1225.2781628983298,1717800
2018-02-28,1222.8807373046875,1234.5250704516168,1217.400993253774,1222.8605716577117,2706864
2018-03-01,1223.9486083984375,1233.4172171352113,1216.8169525556084,1228.501618656308,1718124
2018-03-05,1251.4075927734375,1254.5502862393757,1222.0347016304665,1228.5015794051078,2858168
2018-03-06,1226.00390625,1259.9297204297832,1220.9069137576898,1257.9151222199498,1906764
2018-03-07,1219.8187255859375,1244.61844261915,1216.2126154243783,1236.9629714602754,1917772
2018-03-08,1210.3499755859375,1230.8787038135588,1203.7219696860718,1230.8787038135588,1951826
2018-03-09,1222.4981689453125,1234.2230680898426,1199.571988973992,1210.7731714317579,1872436
2018-03-12,1229.7708740234375,1242.5635698278807,1223.0623028153343,1226.0841994620532,2091340
2018-03-13,1163.14794921875,1184.4623498991791,1157.184721370753,1178.4991220511822,88067154
2018-03-14,1163.1878662109375,1177.7534601611242,1158.413330795088,1165.6255480235786,3668668
2018-03-15,1156.25830078125,1169.4942483516581,1150.5771937161774,1166.4521858443015,2348906
2018-03-16,1138.5294189453125,1157.1846083144326,1130.1890063795206,1155.895285806267,7197482
2018-03-19,1140.6650390625,1147.5146701695514,1136.232924816761,1139.8592001087293,3489940
2018-03-20,1154.3035888671875,1157.667906563072,1135.8296965271245,1136.232615894463,4024984
2018-03-21,1151.0400390625,1162.140488622069,1148.3203330106328,1157.3860198501902,3907678
2018-03-22,1140.8060302734375,1158.7761788191983,1137.2603194204646,1152.3294675843408,2326094
2018-03-23,1135.4874267578125,1141.9140707828917,1127.388804705208,1128.980316884259,3654122
2018-03-26,1135.0238037109375,1139.214125584003,1120.7403324931638,1135.829642407218,2964210
2018-03-27,1147.393798828125,1153.5584866281629,1137.461872861241,1138.2475461839192,2494574
2018-03-28,1147.978271484375,1158.3937818794977,1138.2478030642021,1142.6395870983217,6865654
2018-04-02,1172.354736328125,1174.107475579224,1144.2914312439932,1144.2914312439932,1662988
2018-04-03,1172.9996337890625,1180.5140446501773,1165.2837631368288,1165.2837631368288,1937290
2018-04-04,1172.8580322265625,1182.1655096357088,1165.2428949783468,1180.3322067073625,2841820
2018-04-05,1191.81591796875,1194.1528711398532,1176.6662012145969,1179.1642828654856,1809424
2018-04-06,1188.7335205078125,1192.6418203127348,1179.1641815779385,1190.224303109398,1129018
2018-04-09,1178.0960693359375,1194.0517179396231,1174.510125795175,1184.4622159351454,1235866
2018-04-10,1183.6163330078125,1191.5336616376105,1178.8215320560664,1178.8215320560664,1184532
2018-04-11,1214.459716796875,1218.831432522288,1186.8396650129448,1188.8542624220727,3124416
2018-04-12,1264.86474609375,1269.1961297110179,1211.9614083783456,1212.7874128349727,6114360
2018-04-13,1270.5263671875,1305.78183143367,1261.9844915239505,1269.196712862122,8179118
2018-04-16,1284.3662109375,1289.3221400990149,1253.3817430001377,1255.4970702205028,6270274
2018-04-17,1275.884765625,1287.307472974456,1268.0680692986693,1284.3661413250895,3301724
2018-04-18,1272.8631591796875,1286.7033863683405,1267.5244752704175,1275.6432646602998,2433066
2018-04-19,1285.7767333984375,1296.2728077641375,1275.542615771998,1281.243888281977,4820952
2018-04-20,1370.9134521484375,1378.9316093312516,1305.4591981378308,1309.4883931938118,18465662
2018-04-23,1373.4112548828125,1433.5469788978594,1365.715552907982,1379.596107387069,15185910
2018-04-24,1364.1444091796875,1387.3122811659587,1346.7584715497726,1373.955538664091,8314336
2018-04-25,1398.231201171875,1403.3684240851928,1355.8440953177512,1363.882318555377,8196574
2018-04-26,1426.0328369140625,1434.3934165187716,1396.9219031097139,1396.9219031097139,12135034
2018-04-27,1390.85791015625,1427.9466687865433,1377.9846521585719,1420.2911984967736,4501330
2018-04-30,1423.15185546875,1429.9611549542624,1385.0759667273644,1390.8578019222439,3458558
2018-05-02,1410.117431640625,1423.1921489213873,1398.6543922587305,1422.507205488171,3158046
2018-05-03,1402.905517578125,1420.6943769090522,1398.292009893786,1414.1670996724997,3761550
2018-05-04,1402.462158203125,1409.0096005850255,1398.1307732427906,1406.9950029290562,2347244
2018-05-07,1378.3671875,1406.1887934744916,1374.3178276043036,1406.1887934744916,3484426
2018-05-08,1386.526611328125,1404.7788849785618,1368.596692962559,1383.9076344882108,2992820
2018-05-09,1405.9071044921875,1408.1029962081343,1386.1237166607611,1386.1237166607611,2615050
2018-05-10,1390.5758056640625,1414.7106423061077,1386.1235258953418,1411.406722361961,3858678
2018-05-11,1392.872314453125,1404.1742242243408,1387.0501483191658,1391.7642860122019,2627876
2018-05-14,1383.4439697265625,1398.533282064668,1374.2775530838164,1392.8924102845165,2433894
2018-05-15,1403.126953125,1408.5261339299948,1383.5047913913234,1390.072399503362,1952890
2018-05-16,1407.7603759765625,1413.844499662987,1400.2459667864905,1402.1396687280806,1648450
2018-05-17,1406.914306640625,1423.5749686702711,1400.5481589714966,1415.4360145778994,2968048
2018-05-18,1411.044189453125,1417.349839989172,1393.2955666243759,1402.482150473724,1874996
2018-05-21,1433.0838623046875,1447.2867739926724,1417.4908980827452,1421.7819512025735,3446178
2018-05-22,1413.80419921875,1440.4170519619795,1407.6798424708238,1433.5875860865515,1857416
2018-05-23,1408.2440185546875,1428.3496627533104,1402.5628141168615,1420.2912725544202,1507298
2018-05-24,1452.0010986328125,1456.554109020846,1411.1652630624544,1414.247558136423,2962316
2018-05-25,1444.7886962890625,1480.648530138903,1439.4500131597324,1460.5831202884478,3769772
2018-05-28,1411.044189453125,1457.1583044236713,1404.577312103116,1457.1583044236713,3716798
2018-05-29,1419.686767578125,1427.9466168005888,1405.3831262416631,1422.265412865826,3525312
2018-05-30,1415.8992919921875,1423.5144303216518,1403.1669979040907,1413.8645290766299,3779106
2018-05-31,1414.6806640625,1429.306465296798,1402.533064080365,1408.9521855707083,5049371
2018-06-01,1407.692626953125,1428.0469055955266,1394.5701131166174,1425.2029999513818,1603856
2018-06-04,1417.2808837890625,1421.1404705444002,1391.563827992297,1417.8902922241157,1681483
2018-06-05,1398.876708984375,1423.496849079537,1390.3856579204455,1417.0777271522852,2449568
2018-06-06,1402.2484130859375,1409.6832137316374,1393.676030511858,1400.0139161217269,2236512
2018-06-07,1410.21142578125,1421.1401079195641,1400.664029401573,1401.639042973841,2414762
2018-06-08,1419.596435546875,1427.8844487225779,1409.7646672153344,1409.7646672153344,2582138
2018-06-11,1421.7091064453125,1432.5159882323574,1416.265097838343,1419.5965105316034,2179378
2018-06-12,1447.1419677734375,1450.3921462524345,1424.3907184204581,1427.6408968994551,4608875
2018-06-13,1482.1624755859375,1488.297226538003,1460.9550829293155,1475.5808846494087,5370983
2018-06-14,1452.4637451171875,1488.8251060964815,1449.579172895208,1486.9562143487842,3819998
2018-06-15,1495.122802734375,1500.8511829270365,1453.3173215433937,1462.5803502659269,9183574
2018-06-18,1486.1436767578125,1517.792240805985,1480.5777675708325,1517.792240805985,4674987
2018-06-19,1482.4871826171875,1494.269075819681,1479.643277361413,1480.5777232115336,3245034
2018-06-20,1480.8214111328125,1492.0752297314891,1477.6931352225033,1488.5812493511173,3107695
2018-06-21,1478.302978515625,1488.5816874064644,1476.8810254845325,1488.5816874064644,2910659
2018-06-22,1470.5430908203125,1484.5188166882754,1462.214509610102,1484.5188166882754,2949458
2018-06-25,1478.2215576171875,1480.7404256887664,1467.4553431670417,1472.249375476694,2083217
2018-06-26,1504.832275390625,1512.1451752170374,1479.6433982107603,1481.2684870610742,4679712
2018-06-27,1509.70751953125,1531.7681201843002,1504.222844742856,1511.3326083574407,4081208
2018-06-28,1497.2757568359375,1520.27080657297,1483.9501059733768,1515.3955394220145,4888125
2018-06-29,1501.37890625,1517.3454234533938,1496.9505789711227,1499.06317456116,3506276
2018-07-02,1504.30419921875,1509.5451706133779,1495.9756183208501,1504.83237296686,2650290
2018-07-03,1522.7490234375,1527.5023888111675,1508.935767268261,1511.2920669117902,3242233
2018-07-04,1516.3299560546875,1527.5024430589401,1509.0170554700858,1527.5024430589401,2700614
2018-07-05,1527.8275146484375,1533.677795571087,1513.0391447362201,1521.8958999229912,2472571
2018-07-06,1554.357177734375,1560.8982015439333,1528.9245908604935,1529.8996047210455,3713781
2018-07-09,1530.0211181640625,1563.6604764466028,1524.7395795193113,1563.335438846339,6151747
2018-07-10,1523.6019287109375,1542.9405243965432,1520.067380538108,1542.2092146258606,5303302
2018-07-11,1608.75732421875,1623.4643639343917,1539.081613904749,1543.8349807183906,22903802
2018-07-12,1601.8095703125,1617.6948548640974,1592.9934823796377,1612.088278011324,6921701
2018-07-13,1609.73193359375,1623.3827212459826,1603.9628873218478,1604.7754318443006,4148185
2018-07-16,1616.3134765625,1621.8388188267136,1606.7660787061805,1616.9635518362525,2582159
2018-07-17,1630.1138916015625,1635.691016304311,1612.8939289690593,1619.407382493417,3315492
2018-07-18,1628.5667724609375,1637.8891121808804,1622.7047045984918,1632.4341351251992,2013869
2018-07-19,1613.2197265625,1636.8716465803961,1603.9380348084594,1630.0732488991744,1746318
2018-07-20,1625.5947265625,1628.36296347789,1615.3360597700669,1616.0688429811096,1934995
2018-07-23,1632.9632568359375,1636.4641778925136,1616.9645693912187,1629.1772927249892,2086201
2018-07-24,1627.54931640625,1640.5762243914926,1615.4587373099307,1640.5762243914926,2038423
2018-07-25,1613.3009033203125,1629.991626771267,1602.6351438218178,1629.9102284855728,1535492
2018-07-26,1599.622802734375,1616.1507315831143,1591.8066780157892,1607.9681654541369,3503036
2018-07-27,1582.56591796875,1599.582337941694,1579.757030435237,1596.4884072602754,2033977
2018-07-30,1583.2579345703125,1591.4811510087388,1572.6329215371602,1581.9552635462674,1579251
2018-07-31,1579.675537109375,1585.2120132743446,1569.742558599351,1581.1411041493463,2204803
2018-08-01,1609.230224609375,1613.3418821909443,1587.4916116969662,1587.6136594492061,2425180
2018-08-02,1586.3516845703125,1616.1507156719697,1583.583446842308,1612.079807068262,1509287
2018-08-03,1611.6317138671875,1613.7486655180658,1592.9462860702379,1592.9462860702379,1505131
2018-08-06,1608.456787109375,1627.5085604445167,1605.7699475942038,1625.9209457957281,1532249
2018-08-07,1601.7803955078125,1611.3877796100214,1596.2032705735496,1610.6142473394457,1353521
2018-08-08,1607.1947021484375,1610.6957232707994,1597.4245215882647,1605.566338721742,1315062
2018-08-09,1607.4794921875,1612.73102336897,1600.6810954084906,1612.0796383056008,2060297
2018-08-10,1622.745361328125,1625.513598704025,1605.606897918885,1612.853034801882,2784105
2018-08-13,1628.4854736328125,1631.8235985746676,1620.2215098733134,1626.5721666016502,3559575
2018-08-14,1631.254150390625,1648.3926193842917,1614.0341836987611,1621.8503098930473,3311765
2018-08-16,1635.2835693359375,1644.6874055687783,1624.292118907242,1628.6073206823532,2152065
2018-08-17,1638.744384765625,1646.1941679622532,1631.6202941598872,1639.6399648500044,1213731
2018-08-20,1636.4647216796875,1647.9040160918187,1631.3760852663606,1647.9040160918187,1587032
2018-08-21,1642.7335205078125,1647.9035537758243,1631.619921821518,1636.6271585249476,1376866
2018-08-23,1656.9412841796875,1659.3024311672727,1644.8914537330065,1646.9269081382658,3046791
2018-08-24,1663.373291015625,1665.8158362300385,1653.6031101579708,1656.9412354068522,1570533
2018-08-27,1669.80517578125,1676.4001270878853,1656.8597662087648,1663.3732198351381,1532702
2018-08-28,1684.70458984375,1686.9843381637986,1670.7007055560398,1673.1432504472036,1987983
2018-08-29,1686.9840087890625,1690.7293230675189,1665.48959806601,1687.391099524774,1525867
2018-08-30,1695.45166015625,1697.568611795988,1681.6920708223565,1683.727524793335,2408020
2018-08-31,1692.19482421875,1703.2677726137263,1688.6125049717343,1695.3702514727217,2504554
2018-09-03,1671.433349609375,1701.639566885544,1667.7695323601,1697.405862263565,1439711
2018-09-04,1708.8856201171875,1713.648661818168,1674.7307429635962,1677.051239951212,4420803
2018-09-05,1692.8873291015625,1715.684417097159,1689.4678056571895,1709.7815996697277,1681106
2018-09-06,1689.67138671875,1694.7192736978334,1677.4586607492724,1689.427092444393,2238097
2018-09-07,1693.3759765625,1696.7547512837675,1681.6108913641012,1692.9281368491797,1312182
2018-09-10,1694.108642578125,1704.4079620006005,1688.8164613085069,1697.080326396514,1530539
2018-09-11,1666.01953125,1700.825803680513,1662.7220551595065,1700.825803680513,3679745
2018-09-12,1664.1466064453125,1684.460399623001,1660.9306285616408,1670.9858518278138,2307661
2018-09-14,1681.6107177734375,1686.6180542375603,1643.1407338008978,1664.1873097933565,3642038
2018-09-17,1688.7349853515625,1691.7068679830236,1672.7771424289267,1685.35621062281,1033857
2018-09-18,1685.9666748046875,1692.5208769318247,1675.2602654706307,1687.7985835422517,1456507
2018-09-19,1691.787841796875,1700.8253369314675,1682.791294271435,1686.9027522700253,1301268
2018-09-21,1712.34619140625,1726.8794145035893,1669.1945605864996,1691.0554191060608,4508530
2018-09-24,1789.9378662109375,1799.748796259927,1708.2753952119647,1721.9944374981885,3032226
2018-09-25,1777.5218505859375,1800.888830917434,1753.5849826902336,1795.1895577256118,2868778
2018-09-26,1744.099365234375,1790.385677470178,1738.3595428871888,1780.6154964198631,1970951
2018-09-27,1782.12158203125,1799.0971501490358,1738.929205794227,1743.8955945885373,3311802
2018-09-28,1777.928466796875,1783.0578510548737,1757.6961716331311,1773.2876710490937,2904371
2018-10-01,1836.427734375,1853.0369630028765,1783.3431226306784,1783.790763585105,3772208
2018-10-03,1760.952880859375,1835.9796412340215,1755.0500638310173,1832.1530271912916,3902322
2018-10-04,1681.12255859375,1755.9050349096938,1674.2427623916349,1755.8644848410672,4762419
2018-10-05,1711.939208984375,1726.0653421196794,1645.3799490707202,1669.0726185591238,3417624
2018-10-08,1691.5035400390625,1727.856680084691,1667.5664744150413,1711.9393851827642,2010154
2018-10-09,1703.105224609375,1716.0098845680918,1671.6777332362772,1693.7828844204707,1867130
2018-10-10,1663.86181640625,1714.626029006888,1651.9747826481196,1709.7816873144657,2749573
2018-10-11,1612.0389404296875,1638.9476840888424,1580.3266044791073,1616.1505975739453,4700256
2018-10-12,1561.8448486328125,1610.4514580411708,1549.387828439003,1610.4514580411708,9373289
2018-10-15,1587.2471923828125,1592.1730313241924,1563.228832713516,1579.5124663876154,2638151
2018-10-16,1597.6689453125,1605.4850705164768,1575.4417429821235,1594.1679239064588,2815425
2018-10-17,1570.88232421875,1619.407537749962,1563.2289957164037,1603.9380841465183,2779207
2018-10-19,1557.6923828125,1570.5564933789678,1522.5605220998796,1570.5564933789678,3428776
2018-10-22,1549.3875732421875,1559.9719339632322,1536.319918904706,1558.3435707753792,1778496
2018-10-23,1504.22802734375,1548.5719947340895,1498.8022941657125,1540.4130274277982,2752811
2018-10-24,1508.18505859375,1528.9904245629903,1477.6705019195113,1511.0815317340564,2735913
2018-10-25,1511.8565673828125,1531.3565182036489,1489.0522947237578,1504.5134971688647,2507233
2018-10-26,1467.8797607421875,1512.5909405843697,1461.3525870190524,1512.5909405843697,2285970
2018-10-29,1526.5426025390625,1532.213044307867,1455.8451392685567,1475.7122023913357,2609483
2018-10-30,1545.9608154296875,1557.872885083712,1505.329127594139,1523.2788516088117,2404883
2018-10-31,1581.330322265625,1586.0217286265831,1530.173535754157,1550.2038410122611,2769190
2018-11-01,1579.3720703125,1586.3887621610336,1551.2644682437985,1585.8176742977032,2769759
2018-11-02,1561.1773681640625,1594.7515344365006,1554.283081473395,1578.1072232509775,1818635
2018-11-05,1542.7384033203125,1572.5186357280909,1537.7614528920662,1558.3628465440224,1713366
2018-11-06,1576.8834228515625,1580.7997666282356,1542.860572229158,1545.3082621903886,1398710
2018-11-07,1584.593994140625,1590.1828673157347,1580.3921056903941,1582.8397960967293,144530
2018-11-09,1557.709716796875,1600.7482615604024,1554.2829909861568,1599.9731996450676,2570479
2018-11-12,1562.319580078125,1587.8163487544814,1557.1386566024398,1557.1386566024398,2552008
2018-11-13,1578.71923828125,1582.0236596679981,1552.6513792409492,1562.4421393832988,1418432
2018-11-14,1534.415771484375,1574.5986740789979,1525.7264538465959,1570.6007613126721,2422318
2018-11-15,1528.0521240234375,1549.3878427783109,1515.6096992723214,1520.8314581036184,1829123
2018-11-16,1539.2706298828125,1550.0405256301558,1525.9307393154343,1541.2288018002168,1829729
2018-11-19,1552.202880859375,1556.2007952366253,1521.0764965431956,1549.3880766409986,1740628
2018-11-20,1532.4580078125,1551.8355548299614,1529.153586271868,1551.8355548299614,1190182
2018-11-21,1478.404541015625,1526.5832718846616,1467.4307723131203,1526.5424372186724,3840461
2018-11-22,1478.8533935546875,1507.4505090733162,1476.7319827583317,1484.9317832683769,3194219
2018-11-26,1506.2265625,1517.5675441741992,1455.9673562251926,1484.1157864800366,4333177
2018-11-27,1542.2491455078125,1548.490776834728,1497.4563848989271,1512.6728823020683,3344839
2018-11-28,1618.6572265625,1622.8182791538009,1535.9252943725642,1541.228622082217,5313249
2018-11-29,1599.6058349609375,1629.3452209120503,1584.9196987684404,1629.3452209120503,4035441
2018-11-30,1605.8885498046875,1624.4501982274269,1599.034998160017,1604.052782378263,5268901
2018-12-03,1617.43359375,1623.6343885810072,1605.92947051408,1618.7390085149339,1610576
2018-12-04,1640.64599609375,1647.6219532992009,1608.1325298067134,1617.9232910231926,3270615
2018-12-05,1637.301025390625,1646.4798650745142,1619.5552686684393,1636.6891027450324,2501539
2018-12-06,1625.8369140625,1645.6632388310898,1615.1486898426872,1630.161205346811,2321216
2018-12-07,1627.8770751953125,1634.9754363270672,1609.7642080804528,1619.5958032700817,1680420
2018-12-10,1612.0484619140625,1640.7679809664721,1599.1572564367407,1611.395704827838,2010786
2018-12-11,1631.7935791015625,1639.9525469970704,1599.973604309082,1607.316675415039,2942014
2018-12-12,1645.5001220703125,1649.7427440858423,1619.5137385357805,1632.6904870985443,2219993
2018-12-13,1617.5968017578125,1656.025516984729,1610.9880583080621,1651.374945563696,3748429
2018-12-14,1623.4305419921875,1630.936752178019,1611.6000392361193,1617.9232389850522,2473761
2018-12-17,1627.142822265625,1635.791307332345,1619.5549431466852,1630.9774969018758,1227921
2018-12-18,1621.8798828125,1633.424838528642,1612.5379074658063,1625.1843035683007,1768742
2018-12-19,1606.0517578125,1619.391748024389,1599.1983054721945,1619.391748024389,2498833
2018-12-20,1594.3028564453125,1611.3142813335392,1587.7348487072811,1594.0988822869483,1940277
2018-12-21,1546.777099609375,1590.9986636527058,1539.230054666407,1589.3668701515235,3729956
2018-12-24,1565.2978515625,1581.9421645086322,1554.283245883014,1554.93600309532,1864116
2018-12-26,1541.39208984375,1567.9904033914015,1525.9308863744534,1567.9904033914015,2446614
2018-12-27,1557.506103515625,1584.2267228062583,1527.440327378191,1557.5469381929463,4968201
2018-12-28,1546.9805908203125,1566.5212720575425,1544.4920666692333,1562.441789578226,2239130
2018-12-31,1544.5330810546875,1557.546591839264,1538.9033746588098,1556.730695248463,1879740
2019-01-01,1552.48828125,1558.3626976537585,1537.9652801452014,1546.9401438489665,1094883
2019-01-02,1569.214111328125,1578.311279556454,1550.2036790047825,1554.2831623705847,2100463
2019-01-03,1550.16259765625,1586.8779421059842,1544.5737262538062,1565.7054666453357,2611668
2019-01-04,1531.3155517578125,1551.1826145410423,1502.0656778419468,1550.2035784354694,4280862
2019-01-07,1548.4903564453125,1557.383650334913,1534.7016823886033,1543.513406528105,1856423
2019-01-08,1544.9412841796875,1555.425537181451,1536.5783427445551,1554.6096404560724,1691756
2019-01-09,1539.55615234375,1565.705679958732,1523.0342450904075,1556.2412986860456,2414376
2019-01-10,1540.8614501953125,1554.2829084373461,1527.4398923565332,1542.0444603394142,3053461
2019-01-11,1503.3302001953125,1529.8060029137077,1497.1701415182154,1525.7265202392712,9209862
2019-01-14,1479.4244384765625,1510.224533638559,1476.7727746546686,1509.4086370779762,3615370
2019-01-15,1523.9320068359375,1525.1965870547697,1475.1413407918349,1476.77313431041,7711653
2019-01-16,1525.8492431640625,1529.806322264968,1506.9612145191445,1525.726838738928,2359280
2019-01-17,1548.8658447265625,1551.8910930238521,1530.0599990260628,1535.5381837190698,2625816
2019-01-18,1554.0576171875,1556.960198224289,1533.9026398310868,1537.9908664830887,1683728
2019-01-21,1560.64013671875,1579.6913193660555,1549.8063323804477,1555.161951052918,2409803
2019-01-22,1555.0799560546875,1568.448439670701,1545.3499548951518,1559.3316726202504,2457093
2019-01-23,1533.5758056640625,1558.5139922078865,1528.9970110475717,1554.3440203216223,2578169
2019-01-24,1554.7940673828125,1557.8193162502732,1533.0855362651948,1541.0985032588433,1962927
2019-01-25,1570.5335693359375,1582.144095903743,1554.3441479653827,1555.1617934929814,2327080
2019-01-28,1598.4974365234375,1604.2209567565137,1574.3768869697592,1580.5092300766264,2769033
2019-01-29,1621.186767578125,1626.3379746366309,1583.4933264455583,1604.220621857663,2557626
2019-01-30,1620.082763671875,1626.7056720554667,1598.2107472217701,1618.6109618931932,2429575
2019-01-31,1646.81982421875,1651.4395413753878,1623.026359514863,1624.6616505571953,4094319
2019-02-01,1659.779541015625,1663.7042795719615,1633.7375502616812,1643.058729475295,3064163
2019-02-04,1676.377685546875,1680.6294022206778,1654.0968456828816,1659.7794419809777,1590764
2019-02-05,1671.7171630859375,1680.2615187193182,1658.1850900062177,1676.1732911798551,1111404
2019-02-06,1696.4510498046875,1706.3037187383597,1668.8555121222748,1676.0915555644751,1789812
2019-02-07,1703.073974609375,1715.3795810607166,1690.0734891563768,1696.4102426836928,1339945
2019-02-08,1685.494140625,1708.4700561165791,1676.990708348937,1696.6141978664282,1684474
2019-02-11,1689.173583984375,1713.7847908383978,1675.2736119212773,1684.3495558812497,1778730
2019-02-12,1677.4818115234375,1692.5264108830831,1650.0088392087255,1692.5264108830831,2422903
2019-02-14,1671.7578125,1696.6142533301118,1662.3140677471213,1684.390494175995,1724085
2019-02-15,1659.575439453125,1677.8089785101636,1644.2445825588434,1675.3560414070785,1930065
2019-02-18,1611.0067138671875,1669.590924831585,1604.751706819082,1666.0341874309684,2942184
2019-02-19,1557.4510498046875,1611.5791371664486,1546.985148411426,1610.76149173917,4408554
2019-02-20,1565.5867919921875,1581.1629793963493,1538.2365887032615,1565.7912033764403,4645778
2019-02-21,1565.1368408203125,1586.232132820054,1551.114301556198,1565.5865857305146,4683919
2019-02-22,1574.4989013671875,1578.0556389333071,1557.696248292795,1567.589737776911,2271955
2019-02-25,1623.148681640625,1627.1142416141727,1578.4643434352565,1580.0996341303462,2934880
2019-02-26,1666.9337158203125,1672.2075887856463,1612.6012163471355,1622.2085502510922,6453309
2019-02-27,1682.7962646484375,1696.5734713976415,1653.2791825791242,1667.99680141514,4732082
2019-02-28,1621.7589111328125,1693.6300696496637,1616.9757049668094,1684.3497134675602,8454295
2019-03-01,1631.529541015625,1639.3789163638512,1619.2239386519968,1631.2433851069825,4148548
2019-03-05,1625.56103515625,1641.0145554159376,1616.1581116947236,1639.3792643791505,2449622
2019-03-06,1634.9637451171875,1647.5555044182117,1623.067064264227,1626.54205726362,2635047
2019-03-07,1646.1658935546875,1654.9555835792883,1635.4546565602284,1639.3793952860112,2539884
2019-03-08,1653.8511962890625,1662.2729832507723,1643.5080625424928,1655.7318205031058,2031071
2019-03-11,1647.3917236328125,1662.2728275659333,1638.2749589450639,1658.92050193377,3111689
2019-03-12,1645.470703125,1655.56870524538,1637.743992808439,1646.7790158181754,2658550
2019-03-13,1635.69970703125,1648.2914668024853,1617.7932518860068,1645.9202750581887,1833163
2019-03-14,1624.9886474609375,1641.668635220599,1619.7556964251285,1639.3382657536233,1905495
2019-03-15,1667.955810546875,1691.6675288064687,1627.93210533969,1634.3915244138334,5184318
2019-03-18,1653.93310546875,1688.1107220883946,1644.284850113857,1670.4495021295922,2349915
2019-03-19,1653.93310546875,1659.8201122481996,1631.2842686814934,1659.8201122481996,2373993
2019-03-20,1647.596435546875,1671.9213866745283,1635.290832111146,1658.1849037607021,3091165
2019-03-22,1639.910888671875,1648.3735005205326,1621.6365297963093,1647.5558549349569,3148149
2019-03-25,1622.4130859375,1641.6686774170096,1616.6486452292986,1641.6686774170096,2429205
2019-03-26,1621.1048583984375,1631.1618380869872,1600.990799211097,1622.2086598531241,2316539
2019-03-27,1609.044677734375,1633.6557885203042,1603.4029035477058,1630.3852063611043,2266166
2019-03-28,1635.5362548828125,1647.2285250841119,1613.0510047146552,1618.9380121073143,4054489
2019-04-01,1661.1695556640625,1667.9559536551715,1642.0366303613166,1643.467510034232,2095740
2019-04-02,1700.1302490234375,1705.6084336946226,1665.5438060575007,1665.6255506416514,3719663
2019-04-03,1700.1302490234375,1708.5520372059477,1682.7962051535121,1704.7907882326406,2939886
2019-04-04,1647.1470947265625,1700.4575490075592,1641.341830810451,1699.1901583776607,4397518
2019-04-05,1674.7830810546875,1679.7705981280408,1650.6625422110842,1658.7163292866485,3152103
2019-04-08,1693.1392822265625,1696.6142753205927,1662.0278335429757,1683.5319483783614,2194294
2019-04-09,1710.1058349609375,1715.4205315553654,1682.4284505402104,1692.5264539178295,2690970
2019-04-10,1668.201416015625,1705.1998789857057,1664.7264222560043,1703.155765009458,3313062
2019-04-11,1651.2347412109375,1680.2611503780522,1646.4515360003725,1672.0846970915409,3422442
2019-04-12,1647.1470947265625,1667.1794123343068,1641.0147526017429,1666.361766717664,3198471
2019-04-15,1727.930419921875,1733.2451161173917,1668.8146053922578,1692.5263268799479,9189201
2019-04-16,1743.0567626953125,1762.802822191767,1729.7700229706516,1733.4085056173071,5771952
2019-04-18,1757.978271484375,1762.0255756900644,1728.6656083932849,1757.855504920306,3413728
2019-04-22,1767.2996826171875,1779.1964636007435,1754.340122266273,1756.3023914588223,2007135
2019-04-23,1762.0672607421875,1770.6116176801288,1744.8967024548253,1768.5675035983,2163524
2019-04-24,1785.2882080078125,1794.7320544141378,1762.9257210884396,1764.4791678477036,3003071
2019-04-25,1794.73193359375,1802.9083888720813,1772.6964265427448,1778.379023037087,4211526
2019-04-26,1830.3404541015625,1834.7556601467154,1793.2192270036962,1801.2731153795776,2716958
2019-04-30,1848.1651611328125,1853.5615018805602,1823.4313837492834,1830.3404485819065,3488395
2019-05-02,1811.411376953125,1847.387771328523,1807.8956617446092,1843.7902117391598,2457699
2019-05-03,1743.2203369140625,1787.414119432067,1737.4968179842322,1786.5555516684929,3780886
2019-05-06,1764.3560791015625,1770.2021634421196,1724.0052016709972,1725.23166968262,2891422
2019-05-07,1759.531982421875,1786.0238132116044,1748.7800252367406,1766.1549900244222,2201698
2019-05-08,1760.267822265625,1772.655069122804,1741.9115249761878,1758.7550985623393,1824895
2019-05-09,1776.37548828125,1785.819332227584,1746.5723544728055,1753.8493184166568,2264162
2019-05-10,1746.3275146484375,1792.2791575033918,1738.1919808420835,1778.3791822855278,2039633
2019-05-13,1740.56298828125,1771.8379309949355,1734.7576249489418,1744.037981916104,1701744
2019-05-14,1710.8006591796875,1765.9508087917145,1694.4477490133052,1745.6731602613033,2456110
2019-05-15,1713.2945556640625,1736.6793002901866,1704.3822982367674,1714.6028685068368,2346876
2019-05-16,1724.2095947265625,1736.6786860458653,1698.290277613149,1713.7846167382927,1946529
2019-05-17,1713.3349609375,1745.6728754394026,1708.8788335683143,1727.3576988895309,1947908
2019-05-20,1752.990966796875,1759.0823856288475,1676.173214756869,1737.4966250528519,2625116
2019-05-21,1725.02783203125,1756.875088733581,1719.140823541737,1756.343698933334,1863157
2019-05-22,1702.1331787109375,1735.0024813035677,1696.614072691339,1725.2316594596268,2595795
2019-05-23,1679.48486328125,1729.6065748646527,1676.1733589163653,1715.4203448812364,2541294
2019-05-24,1674.5380859375,1692.5262880325317,1661.6601685285568,1692.5262880325317,2274208
2019-05-27,1680.384033203125,1691.6675807836489,1668.0785285799034,1680.09797705659,2329820
2019-05-28,1695.5919189453125,1715.0109945691588,1672.0846168743408,1684.3492962157172,5872979
2019-05-29,1723.2286376953125,1736.4335313253391,1698.3313746837057,1700.7024665436822,3281320
2019-05-30,1754.9124755859375,1763.2933414786523,1728.8294658646198,1735.8612966081596,4971725
2019-05-31,1795.9990234375,1802.867164873382,1759.7772926938762,1766.114044473817,4265370
2019-06-03,1833.406494140625,1837.780777673007,1787.0867580675015,1799.6376959954428,3682419
2019-06-04,1799.4468994140625,1833.159143088923,1792.7702950622336,1833.159143088923,2408658
2019-06-06,1785.4345703125,1812.5527183002105,1773.81239189725,1812.5527183002105,3735467
2019-06-07,1798.3341064453125,1804.9694575928625,1765.6521897720036,1791.946074212036,2659446
2019-06-10,1839.3414306640625,1842.9270523743808,1801.4253626333448,1810.657060689291,2080593
2019-06-11,1856.8983154296875,1866.0887604006405,1838.9293554386365,1843.8749296800672,3048937
2019-06-12,1863.5743408203125,1868.5199140557002,1829.0378348875445,1850.4686522408913,2404448
2019-06-13,1857.9696044921875,1883.439227334651,1848.8614664498007,1866.1297202125381,3320916
2019-06-14,1858.2989501953125,1865.38768492416,1841.4015767293538,1860.5656710261119,2131408
2019-06-17,1853.930908203125,1864.4815069334009,1847.5428747465673,1859.5359326444527,1489497
2019-06-18,1855.2908935546875,1862.8328131667267,1839.0940184862686,1849.6446162593518,1877447
2019-06-19,1862.75048828125,1876.0211932091331,1848.9440932960774,1858.711683078469,1652817
2019-06-20,1877.6280517578125,1882.614878350885,1823.2679995237115,1838.104719230505,2199377
2019-06-21,1854.4661865234375,1889.6208849797501,1847.9956484731078,1883.438919161932,3871804
2019-06-24,1875.6085205078125,1879.317700179219,1855.249285669713,1858.010443128012,1382424
2019-06-25,1869.261962890625,1874.7432263355802,1855.0021857787603,1871.0752995857747,1386077
2019-06-26,1858.0517578125,1868.4375417295983,1854.5898969187615,1866.9538295648865,1762224
2019-06-27,1856.6917724609375,1866.1295339645985,1847.4188231424296,1858.7111745097923,2813464
2019-06-28,1835.796875,1864.4399886875178,1831.9228826045526,1862.8327175191403,2372928
2019-07-01,1845.9769287109375,1858.7117427544617,1818.8175224287422,1842.2264944816948,2769940
2019-07-02,1856.3209228515625,1860.3597270104447,1826.935855602314,1850.3860742091238,1771746
2019-07-03,1844.410400390625,1861.8436682600568,1839.753399028129,1856.4034567470624,1656881
2019-07-04,1848.531494140625,1856.2384260040449,1838.187164789034,1841.4017067908687,984140
2019-07-05,1782.9615478515625,1854.5898486217586,1763.9210115780281,1852.1170621569295,4088470
2019-07-08,1793.0999755859375,1804.1452102152548,1757.4095819969782,1771.339533196909,2788062
2019-07-09,1758.440185546875,1792.2759944235584,1734.7013893405117,1791.9463699740518,3977224
2019-07-10,1737.70947265625,1753.9063450952235,1707.294278970669,1714.4653196277045,6343581
2019-07-11,1733.052978515625,1754.8546791151232,1719.4526486868795,1754.0304167012598,2400346
2019-07-12,1737.21533203125,1747.2300386436273,1725.2635284882226,1732.6818893080326,1560725
2019-07-15,1768.6192626953125,1775.1310544501425,1729.301998216591,1751.5570763633252,2900415
2019-07-16,1739.95068359375,1761.8446499352667,1734.993559139067,1756.4744317760267,2735399
2019-07-17,1749.245361328125,1755.6483140027233,1728.466827847119,1741.6031274907014,1802969
2019-07-18,1706.862060546875,1748.3779832795767,1701.9462851615037,1748.3779832795767,3072096
2019-07-19,1715.9501953125,1732.5152960667256,1704.0118255305777,1715.9915450312776,1953177
2019-07-22,1743.17333984375,1749.4110972923788,1709.2171465474062,1715.9918453162695,1920167
2019-07-23,1745.279541015625,1759.7791702951542,1736.976317265304,1758.0440960646122,3538588
2019-07-24,1732.3499755859375,1752.1784754170487,1715.578329137603,1743.2556101518626,2413196
2019-07-25,1758.0445556640625,1763.9105684476078,1728.8389443248186,1742.3469908863087,2544464
2019-07-26,1742.4705810546875,1759.6139696513567,1730.8626077119054,1759.6139696513567,1720592
2019-07-29,1759.779541015625,1769.6937919509244,1737.7203730257745,1743.9167798603366,1647090
2019-07-30,1800.3861083984375,1805.2193851462916,1751.8889506123462,1759.7790802570257,2851672
2019-07-31,1822.321533203125,1827.2786576721217,1773.9482199186507,1794.2725109239013,3000677
2019-08-01,1801.1302490234375,1832.070933122123,1789.7288202371135,1817.6126506735832,2375236
2019-08-02,1821.9913330078125,1825.874373914317,1789.109030186178,1795.3054364324935,2500816
2019-08-05,1857.76513671875,1860.780640157407,1813.977202906632,1817.529647492694,3039682
2019-08-06,1829.92333984375,1860.533639217186,1827.0730321779024,1844.7122229908928,2885467
2019-08-07,1828.7244873046875,1849.4205223227448,1823.6021656899165,1842.3979293186155,2165362
2019-08-08,1865.6142578125,1884.5338727398262,1833.2275432643091,1841.4894190764085,2073298
2019-08-09,1855.8238525390625,1873.7107329729733,1851.7756140773404,1867.1839317699637,1744550
2019-08-13,1817.15771484375,1855.8233229144316,1812.9029307011733,1854.7905887336224,1647281
2019-08-14,1821.2479248046875,1832.3603097558316,1790.6789825968206,1801.9979144547747,1945002
2019-08-16,1788.77880859375,1851.8167595284838,1770.7265293039777,1851.8167595284838,3755507
2019-08-19,1787.0433349609375,1806.0456450414283,1782.6645014272954,1801.0885206726048,974884
2019-08-20,1806.66552734375,1821.7434493165515,1789.9352303602307,1794.479261639705,1843611
2019-08-21,1806.211181640625,1819.2649852730558,1802.9477811590036,1805.1784472030267,1214408
2019-08-22,1830.831298828125,1847.0658007369038,1792.8266780040756,1806.8718639607896,2131601
2019-08-23,1857.0218505859375,1867.1012990863662,1829.0966690277962,1829.9642063594556,2826425
2019-08-26,1880.6507568359375,1885.3599855208083,1838.2672952602097,1856.4434213257039,2345475
2019-08-27,1847.7684326171875,1879.4528054483992,1841.5720260691755,1875.4457151983079,3432106
2019-08-28,1850.0404052734375,1860.6981436054766,1830.8315454218766,1850.6600459138103,1294621
2019-08-29,1845.248779296875,1857.4350472185486,1835.954168170175,1835.954168170175,1670652
2019-08-30,1866.853271484375,1872.1407905635267,1832.4837923521193,1851.4861039950854,2583625
2019-09-03,1860.244140625,1897.091987745604,1848.1403708724472,1875.445912271156,2545060
2019-09-04,1855.121826171875,1875.4461247702823,1844.8771791242468,1871.3151861694666,2228092
2019-09-05,1830.2530517578125,1861.9372186355986,1823.6435523259825,1852.4774129149748,2055943
2019-09-06,1815.547119140625,1845.2898705804714,1811.4988808770229,1830.831588630546,1890550
2019-09-09,1803.443359375,1819.967108406703,1800.9234473064812,1817.612393487317,1703945
2019-09-11,1779.607666015625,1813.4813495377423,1773.452610204617,1806.045662910936,2627440
2019-09-12,1762.7532958984375,1788.6954963174085,1751.8063142235158,1780.4336233552033,2118859
2019-09-13,1769.651611328125,1782.8706063684895,1747.8403501938662,1763.909650698638,2291174
2019-09-16,1776.3031005859375,1795.6358071378497,1756.8049951715525,1784.5236257567656,2597948
2019-09-17,1753.7064208984375,1781.714291858883,1739.6200885633132,1780.392311474491,2796530
2019-09-18,1766.8431396484375,1770.4782835981605,1745.8578582487453,1756.8048415158287,1454663
2019-09-19,1736.6048583984375,1764.5713872943002,1727.5581451816445,1763.9103969214782,1652691
2019-09-20,1706.4490966796875,1759.2837520767066,1699.4678519702466,1739.0421563677758,6941979
2019-09-23,1665.4287109375,1734.167466803089,1631.7202224564558,1734.167466803089,6323401
2019-09-24,1689.3055419921875,1702.7724385920105,1663.115438566578,1664.7678135676376,4620978
2019-09-25,1725.450927734375,1728.3839331629003,1701.9872877179635,1706.076874752098,4002232
2019-09-26,1724.7486572265625,1740.7766098767252,1704.4243693287538,1733.2582248992246,4234281
2019-09-27,1698.765380859375,1722.7661685476858,1694.8409901571774,1722.6009713856226,2046795
2019-09-30,1734.4150390625,1738.2980790309457,1701.9458378344812,1703.474365021686,2620039
2019-10-01,1701.905029296875,1731.6477815515268,1685.1747311536333,1731.6477815515268,3342877
2019-10-03,1702.1527099609375,1719.4199471468776,1690.5034869763547,1710.2080376746223,2317618
2019-10-04,1717.9332275390625,1725.0383197133497,1697.7741295355197,1702.442210392568,2163251
2019-10-07,1691.7840576171875,1730.4496719118092,1686.2486418582014,1718.4699534860652,2177916
2019-10-09,1668.9810791015625,1701.9459751995614,1665.1806373857846,1701.9459751995614,2066920
2019-10-10,1656.051513671875,1684.6376821932333,1649.9790556454589,1675.508269868787,2881452
2019-10-11,1641.51025390625,1648.2437007239064,1590.4105884178045,1595.3677123297562,12593069
2019-10-14,1669.724853515625,1679.4325561523438,1625.936918218085,1648.2439795960772,3510704
2019-10-15,1683.191650390625,1691.205627924807,1671.1292335247226,1678.8128167773366,2261310
2019-10-16,1690.7098388671875,1698.641217376957,1665.5937228754597,1683.769844851283,3034082
2019-10-17,1715.6728515625,1721.6284770911473,1688.9361620766542,1701.3541476258933,3818774
2019-10-18,1737.974609375,1743.507646390046,1710.646422304936,1721.2059681216333,3087901
2019-10-22,1732.9478759765625,1783.7182481796563,1723.3599333623135,1757.1081961703458,5552505
2019-10-23,1748.7452392578125,1760.3607389464598,1733.8773171598973,1740.2130442627958,2348134
2019-10-24,1758.7979736328125,1773.1589561264523,1741.3114067858423,1760.4875009850055,2798671
2019-10-25,1795.080810546875,1799.3469090207204,1752.9271790714467,1768.935411966849,3954245
2019-10-27,1787.266845703125,1798.5022462161203,1781.4380576035917,1798.5022462161203,224405
2019-10-29,1854.1300048828125,1859.916513467583,1792.1664944495649,1792.1664944495649,5064173
2019-10-30,1903.0836181640625,1909.1658752795593,1838.923859311632,1879.599147122575,5195136
2019-10-31,1917.3179931640625,1930.2429199927155,1889.7365387846546,1900.7184677091968,4879261
2019-11-01,1859.2403564453125,1921.8374295027136,1854.2563330806402,1912.5450287446783,4172620
2019-11-04,1853.3687744140625,1883.1466867420988,1842.3445698784456,1864.3929789496797,2646411
2019-11-05,1860.0430908203125,1867.7725964094027,1832.2925199511508,1855.945904256652,2693475
2019-11-06,1848.765625,1867.6038994844685,1840.7403686885996,1858.480408955906,2540719
2019-11-07,1846.1046142578125,1862.2817581933762,1837.5301381222525,1862.2817581933762,1915598
2019-11-08,1799.3045654296875,1849.69484846842,1794.2782622051689,1849.69484846842,2788759
2019-11-11,1774.805908203125,1806.949201968836,1766.4005522752855,1803.5701478277067,2983768
2019-11-13,1840.4017333984375,1844.7944620871956,1789.2089858672773,1789.2089858672773,3823365
2019-11-14,1855.7769775390625,1858.4801801892913,1813.4542327573859,1847.920633710943,2995915
2019-11-15,1836.896240234375,1868.1947740802354,1832.0811287752706,1855.100937770833,2724180
2019-11-18,1818.4384765625,1848.1318389937678,1815.1860537254524,1840.233215670163,1611089
2019-11-19,1781.4376220703125,1820.1699115846911,1778.227478959832,1818.776134062004,2975313
2019-11-20,1781.2265625,1803.5705213879364,1769.357591122732,1792.5463137209204,2894129
2019-11-21,1789.2940673828125,1796.4745588003727,1780.2549308407392,1784.1409263396383,2052574
2019-11-22,1750.0972900390625,1779.9174962698935,1740.635975825399,1771.4698574646259,3742049
2019-11-25,1758.3753662109375,1761.2897592713534,1733.6237524284957,1752.5043006634987,2737010
2019-11-26,1728.9354248046875,1772.2294557394196,1719.1361877694555,1765.429273822161,6561580
2019-11-27,1735.3980712890625,1750.0968768433859,1728.8511527606993,1733.455073574354,2907521
2019-11-28,1754.869873046875,1769.2729284688687,1740.213141037318,1746.1687660934626,2924429
2019-11-29,1734.51123046875,1761.332480471128,1728.2177815589432,1761.332480471128,2064271
2019-12-02,1707.3095703125,1746.7177110321272,1703.0434727461372,1740.2130723497235,3809860
2019-12-03,1732.6102294921875,1741.9026295528477,1697.9749201751813,1712.9271953882007,4664774
2019-12-04,1755.8411865234375,1758.7978591974004,1727.9639870260723,1734.2997141845644,3334301
2019-12-05,1791.9969482421875,1796.643147737057,1747.2667598079813,1759.6424632387848,3902721
2019-12-06,1793.9403076171875,1797.6571854666206,1774.8485651622977,1794.2781306067209,1829461
2019-12-09,1740.593505859375,1797.6150615534045,1734.7224387805918,1797.6150615534045,2244747
2019-12-10,1700.38232421875,1740.9310785316206,1692.272614604397,1740.212947003648,4520045
2019-12-11,1724.9229736328125,1730.0760114412146,1695.2295097459264,1710.9843729546972,4943024
2019-12-12,1707.1827392578125,1760.1915507764115,1676.0109425351397,1732.694661243331,7137306
2019-12-13,1749.7166748046875,1754.9118886510507,1695.440611385882,1708.9568295135223,5711133
2019-12-16,1796.6011962890625,1804.4152605023803,1757.361963730953,1770.6247125528976,5574177
2019-12-17,1828.8709716796875,1832.292305614744,1790.054124295824,1796.389851493662,6059673
2019-12-18,1831.236328125,1861.3943479604175,1818.7760647921232,1836.5161007236768,8251081
2019-12-19,1883.0206298828125,1889.3140784106442,1831.0676605905012,1841.416016262547,6251505
2019-12-20,1877.825439453125,1897.9308599007834,1865.4497318121323,1875.375706837058,5548338
2019-12-23,1885.2586669921875,1893.9174928914858,1866.927340238964,1866.927340238964,2247329
2019-12-24,1871.6585693359375,1895.2696739205144,1867.8992058115043,1891.4259577692715,1805896
2019-12-26,1860.127197265625,1882.9780942561677,1854.4250428752127,1872.3339902309513,1880367
2019-12-27,1857.212890625,1880.7817140409613,1838.205708437571,1865.2381453263588,2720261
2019-12-30,1844.288330078125,1879.5994989928304,1839.1353945222156,1864.3937502369333,2288830
2019-12-31,1826.1256103515625,1855.945809577988,1822.535364702629,1849.1877001211724,1909289
2020-01-01,1831.110107421875,1844.8795924595238,1819.621237169834,1831.4479304476324,1354908
2020-01-02,1822.7047119140625,1841.5429877765112,1815.5664983421154,1841.5429877765112,2380752
2020-01-03,1859.029052734375,1877.9096028982917,1828.0685473107976,1828.0685473107976,4655761
2020-01-06,1858.860107421875,1880.4015802074814,1848.2582825085776,1862.7038232259627,3023209
2020-01-07,1863.422119140625,1870.8558748234013,1844.7950380175168,1858.902550778835,2429317
2020-01-08,1905.1531982421875,1909.1658255303596,1860.2118138628832,1862.7038253515234,5197454
2020-01-09,1870.602783203125,1902.3657780018257,1866.9279782156032,1899.6625751187048,3734173
2020-01-10,1869.9267578125,1887.2021344919174,1865.2382779579916,1882.1335522148574,1915807
2020-01-13,1850.3275146484375,1874.4876230856692,1845.5544779028414,1873.558507131,2843893
2020-01-14,1864.30908203125,1883.6542961142839,1854.2564756619365,1854.2564756619365,2948452
2020-01-15,1881.2042236328125,1884.6678373408765,1853.5804915591907,1869.4620905582071,2620681
2020-01-16,1891.2572021484375,1899.8737515028422,1871.151782827388,1881.246668804794,3117214
2020-01-17,1874.6153564453125,1903.7174269484844,1869.4622149740017,1892.904409490734,3281059
2020-01-20,1833.4327392578125,1894.1288794283232,1821.4792107198302,1854.1715203904298,5817599
2020-01-21,1834.0245361328125,1847.1183753676116,1823.042606452013,1833.0952134325855,1902980
2020-01-22,1864.30908203125,1866.9279322154348,1836.2629661077378,1842.4297828786712,1773686
2020-01-23,1855.037841796875,1877.728960191243,1848.899397444993,1870.9978797955555,2069866
2020-01-24,1848.6456298828125,1855.0381211330562,1837.3001723319358,1855.0381211330562,1319430
2020-01-27,1836.664794921875,1857.1544564897952,1833.0663966835814,1853.9793992207128,1549101
2020-01-28,1848.9417724609375,1852.370875819301,1822.0596196157699,1840.6866231620277,1743024
2020-01-29,1824.2607421875,1851.6507751909637,1820.3659231100971,1849.99978697468,2306761
2020-01-30,1810.0791015625,1833.0664339745156,1799.1991557486585,1828.8330241962835,2098567
2020-01-31,1760.294189453125,1815.5825633852219,1753.9864501243133,1811.3913222700005,3287223
2020-02-03,1780.14892578125,1858.212965750666,1772.2747417474332,1822.0596852705114,4728073
2020-02-04,1784.5938720703125,1809.105273070461,1766.6866315922948,1802.5858634267324,3509339
2020-02-05,1817.445068359375,1826.038806934932,1781.6727581912035,1790.7322131522592,2439322
2020-02-06,1802.0360107421875,1840.8562627361596,1791.1560625872219,1816.1331856533163,2640065
2020-02-07,1808.978271484375,1821.212783710414,1794.1189626603289,1811.052600816632,2083442
2020-02-10,1830.48388671875,1834.759671642455,1794.1189405677721,1812.6611914368173,2383032
2020-02-11,1823.244873046875,1841.3639912457854,1818.3342829843193,1831.3731026494938,1335820
2020-02-12,1837.934814453125,1850.0000320534737,1820.3661642631434,1821.2975970774796,1620407
2020-02-13,1855.884521484375,1860.160306817816,1838.146575376185,1839.7975638924138,1645948
2020-02-14,1849.3228759765625,1872.860678101104,1838.1467143569155,1852.5403090801155,1500115
2020-02-17,1865.45166015625,1877.0935348083087,1854.4024214173207,1860.1175235192404,1774724
2020-02-18,1876.03564453125,1880.4807250384322,1850.8892304325136,1862.6580275677402,2486223
2020-02-19,1859.6099853515625,1888.1007503126302,1854.6568132555233,1876.0355325135474,1760463
2020-02-20,1826.1236572265625,1874.8924131503295,1821.4245310978756,1866.5103445928028,2317278
2020-02-24,1791.0289306640625,1844.8777842220097,1783.7050070141838,1825.446472803773,3092877
2020-02-25,1825.573486328125,1842.9304689892313,1787.3458730534364,1791.1559424180696,2674567
2020-02-26,1798.0140380859375,1832.1351584608226,1788.996750458332,1823.7530890639582,2686842
2020-02-27,1782.688720703125,1794.9232326807135,1766.347718872245,1794.9232326807135,2349001
2020-02-28,1693.49072265625,1752.2080882726752,1684.8968812092892,1750.9380654978945,4298076
2020-03-02,1694.4649658203125,1739.0426966945931,1681.2566420822654,1722.9981118840597,2667076
2020-03-03,1724.0137939453125,1744.1648662664002,1703.524131518445,1710.297587309771,2757585
2020-03-04,1763.8076171875,1773.3327881545006,1714.530774060105,1740.7779118358399,3237002
2020-03-05,1799.2415771484375,1818.4612166906686,1764.5276160801952,1765.9245586589109,3937056
2020-03-06,1791.9603271484375,1798.0563970556243,1753.9867581850333,1776.339083414552,2595027
2020-03-09,1669.9530029296875,1761.0135780696148,1638.3294550496732,1756.8649194977118,4940975
2020-03-11,1654.16259765625,1682.6111958082988,1625.6294553290875,1636.636321432878,6796449
2020-03-12,1498.5,1615.807823280451,1488.7631577604227,1612.0824021004496,8728786
2020-03-13,1529.361572265625,1540.9610730671525,1275.1453293049588,1429.1144136544872,8029720
2020-03-16,1436.311279296875,1559.799820917011,1418.911923898886,1485.9268208491542,7844271
2020-03-17,1403.7987060546875,1465.6064898556479,1374.2918600754497,1464.7598078857718,5713248
2020-03-18,1400.75048828125,1450.8317409149295,1378.1863960666562,1419.7161825948867,7258778
2020-03-19,1395.5906982421875,1437.4665012391083,1319.1737371054442,1330.218337385215,5135111
2020-03-20,1532.988037109375,1594.0108037441826,1387.616681483031,1390.1752863044503,8547498
2020-03-23,1424.0340576171875,1492.5194188818368,1379.727594226338,1381.6465477649003,7003490
2020-03-24,1452.562255859375,1509.5764647953495,1392.605589653216,1409.8335869151078,6350865
2020-03-25,1492.775146484375,1543.691332777904,1432.818474622585,1449.875837415711,2765520
2020-03-26,1527.4443359375,1562.4973039617819,1469.1082314889773,1562.113450787054,4556067
2020-03-27,1556.0579833984375,1577.8061218345351,1492.8604725296366,1552.2200766155968,4331250
2020-03-30,1516.825927734375,1624.7137432296793,1504.075591183426,1506.165076400847,8513547
2020-03-31,1557.4224853515625,1582.0703953517955,1518.105285027599,1567.0599369510269,3927593
2020-04-01,1457.3387451171875,1564.8001536817906,1451.5818839440838,1557.2522898545908,4941878
2020-04-03,1410.814453125,1483.990582092841,1407.2324485363147,1483.990582092841,5735369
2020-04-07,1514.01171875,1523.0947866924141,1454.1404075437695,1458.4047489148656,5427577
2020-04-08,1454.5240478515625,1540.2799880552966,1450.7288259590584,1501.0480503750398,6285615
2020-04-09,1506.2930908203125,1517.0818936457872,1476.4852867715956,1492.90299851605,5307397
2020-04-13,1500.4080810546875,1524.075168875786,1489.1075796626315,1501.9006001064686,2990438
2020-04-15,1479.8541259765625,1545.3970195891488,1473.585566172721,1522.3695805555358,4761399
2020-04-16,1463.5640869140625,1505.2266654402715,1428.5965009718843,1458.3615091323404,6245533
2020-04-17,1540.4505615234375,1579.4692832014955,1495.0780131505048,1535.162820120313,9895823
2020-04-20,1551.06884765625,1560.7488813717412,1537.2950047391057,1560.7488813717412,3244282
2020-04-21,1481.986328125,1530.5571265241565,1473.5002277586523,1505.3122506775458,5122541
2020-04-22,1509.1502685546875,1526.6340665232499,1466.2083758294884,1481.986437410874,3829836
2020-04-23,1601.8994140625,1620.449294140157,1501.7726842236555,1518.1051281944628,5934366
2020-04-24,1550.9835205078125,1579.4692353525088,1541.8151872765093,1569.874468017424,2987102
2020-04-27,1566.377685546875,1599.127844626809,1556.4844354367608,1562.710414822462,3374741
2020-04-28,1585.5247802734375,1593.1579095558848,1562.9663523322579,1590.5993047760842,2678505
2020-04-29,1625.26806640625,1631.1528769401505,1577.848622303141,1598.274771036094,4241510
2020-04-30,1718.0599365234375,1733.0278118772487,1656.4402222477822,1688.6786749591301,5915544
2020-05-04,1646.4193115234375,1676.738816507597,1632.0911887821817,1676.738816507597,3729348
2020-05-05,1648.380859375,1686.1202736951882,1643.4768676836761,1667.4424410401703,2905528
2020-05-06,1623.519775390625,1666.2484485118362,1614.9910939648391,1654.3936646178984,3517431
2020-05-07,1613.327880859375,1649.830571233355,1606.2490343422683,1628.9779888834805,3166754
2020-05-08,1614.820556640625,1654.1377570615136,1608.7225286193761,1653.7965889836341,2686530
2020-05-11,1650.5557861328125,1664.286942640589,1628.1253119564062,1628.1253119564062,2449841
2020-05-12,1662.66650390625,1668.6365811195578,1629.1914281030593,1648.9353471376187,3256595
2020-05-13,1662.794189453125,1700.6188660787916,1642.3253565615048,1700.6188660787916,2656665
2020-05-14,1622.4534912109375,1640.1505029988223,1612.858725783771,1628.9779525233844,2263146
2020-05-15,1614.39404296875,1635.2893113625353,1590.769534196382,1634.0952752037724,3173682
2020-05-18,1659.340087890625,1665.6086473518733,1596.6542850584005,1626.4194013748595,3727694
2020-05-19,1661.941650390625,1677.1226419910054,1623.008195965995,1623.008195965995,3198693
2020-05-20,1666.163330078125,1674.0950461505058,1647.4854952795333,1663.093025314906,2778505
2020-05-21,1698.23095703125,1704.0305018848192,1655.5449701381501,1659.6813596936227,3400908
2020-05-22,1723.092041015625,1733.0279751795497,1672.6875572445333,1686.205495776198,3663418
2020-05-26,1657.122802734375,1726.2051223542846,1641.7711761521728,1718.5293090631835,4575317
2020-05-27,1710.2564697265625,1714.2649082162516,1655.6302254103475,1670.76863442569,3482160
2020-05-28,1709.403564453125,1717.6763433306783,1681.2589173181138,1695.9282069081696,3475681
2020-05-29,1682.154541015625,1707.9964886213402,1673.6685442331923,1690.384739808922,7237735
2020-06-01,1744.3287353515625,1756.908541657117,1689.6172179532232,1697.2077659697393,3747773
2020-06-02,1745.9490966796875,1774.8186634393649,1739.8937534889687,1757.0789638427254,2443886
2020-06-03,1750.2257080078125,1765.280288250353,1727.8576292020414,1755.1014085219333,3699799
2020-06-04,1789.06005859375,1796.2879373371438,1750.7392074975232,1750.7392074975232,4048593
2020-06-05,1752.0224609375,1794.5773821783841,1745.222269058344,1789.1030637826527,3573289
2020-06-08,1772.12353515625,1792.0110081584862,1763.8692481740761,1777.6834738450473,2957841
2020-06-09,1772.3798828125,1792.4383856143374,1762.2864156344256,1764.7243180165835,2909439
2020-06-10,1803.7720947265625,1823.6595641764227,1773.6201249154844,1776.6567480387037,5168397
2020-06-11,1768.6162109375,1800.5645538944307,1763.6123919894196,1796.2876784695034,2269513
2020-06-12,1744.53759765625,1752.8346947461082,1720.1594061714727,1720.330439433072,2842642
2020-06-15,1736.3260498046875,1761.2174459576229,1711.5628763924042,1744.1954594724216,2399022
2020-06-16,1749.92626953125,1774.0049929745721,1737.2666773831725,1766.349428260094,2146528
2020-06-17,1751.636962890625,1761.0888983860686,1733.4602441808433,1750.0972461276745,2703527
2020-06-18,1743.3402099609375,1761.3886061675973,1732.3058487716403,1749.2423198450656,1944389
2020-06-19,1748.8997802734375,1787.733827847662,1738.1220756872963,1746.675826059773,5681758
2020-06-22,1734.657958984375,1755.4436164800434,1727.1307204644606,1753.5190224310336,3196138
2020-06-23,1740.94482421875,1748.3865451445429,1719.3037943936063,1733.8451697690746,4205944
2020-06-24,1746.8470458984375,1765.7081092508404,1737.7800904182627,1739.8330116101292,2560937
2020-06-25,1724.52197265625,1762.0729659695623,1718.6626732399725,1740.6885853145918,3043931
2020-06-26,1812.411376953125,1823.6594745132109,1727.814665336345,1732.134350792332,6300722
2020-06-29,1797.6988525390625,1819.8960016857502,1788.8458462565998,1803.130567525189,3076341
2020-06-30,1781.019287109375,1806.4666978514458,1774.9462488364122,1796.287817087347,3071725
2020-07-01,1789.4873046875,1808.2199335937678,1778.7523067061095,1778.9233399391949,2503466
2020-07-02,1845.17236328125,1851.8871415303802,1794.577008282096,1797.9985087745308,3758699
2020-07-03,1881.5255126953125,1886.1018524232484,1847.8238216314387,1850.7320130639125,4185208
2020-07-06,1935.884765625,1941.6157366765628,1886.101979629705,1886.101979629705,5190366
2020-07-07,1941.6160888671875,1969.6724372790977,1909.3256749687353,1945.978585933223,5630055
2020-07-08,1897.99169921875,1945.4650166024567,1888.3261277898566,1941.7014497480034,2793358
2020-07-09,1885.546630859375,1919.889865708541,1874.170097574213,1906.6315485249893,3443998
2020-07-10,1900.9434814453125,1924.4663034322164,1861.2967506728191,1886.3164795134348,9610320
2020-07-13,1898.932861328125,1920.274429872632,1890.379109700521,1898.932861328125,2963503
2020-07-14,1857.83203125,1915.1849773169924,1851.8872156727507,1890.3790977537085,2976738
2020-07-15,1910.822021484375,1933.1473912612973,1865.6583910902393,1868.9942698698826,5569321
2020-07-16,1915.837646484375,2000.0667767079303,1903.2783738912547,1923.7676154876106,8582118
2020-07-17,1886.6893310546875,1923.6814748184065,1877.51632925131,1917.7662313162948,4509135
2020-07-20,1892.8189697265625,1909.1075525498275,1878.1593707657753,1886.9037260003197,2952646
2020-07-21,1907.521728515625,1919.1807993303903,1887.0322798591048,1911.7652912257834,2665286
2020-07-22,1878.2884521484375,1912.623122450519,1872.50171701776,1912.623122450519,2861534
2020-07-23,1861.3565673828125,1878.2881227588935,1854.3267989095082,1878.2881227588935,2265766
2020-07-24,1849.5260009765625,1854.3269311202926,1821.8355720806046,1847.0399320844522,3665100
2020-07-27,1891.876220703125,1898.9059888242716,1854.7553529667323,1856.0412938169518,4248480
2020-07-28,1980.1343994140625,1988.9216610631563,1898.90581002366,1898.90581002366,8092319
2020-07-29,1951.243896484375,2007.7823894598785,1925.5250785152048,1964.917692844595,6090431
2020-07-30,1954.202392578125,2021.4999963585078,1947.9870087894908,1959.6889924782884,7098496
2020-07-31,1955.830810546875,2001.6104442159046,1935.2986572996847,1974.4769585044041,4723290
2020-08-03,1932.4691162109375,1975.0767939040652,1912.3656145009645,1963.5889291410197,4012337
2020-08-04,1928.6539306640625,1945.756901095364,1907.5217210016162,1937.441192618266,2927928
2020-08-05,1937.055908203125,1971.7763172680627,1931.4834968717153,1937.484555228618,3800641
2020-08-06,1978.7200927734375,1988.493159308177,1942.0707793177683,1950.3435815590008,4748047
2020-08-07,1967.789794921875,1995.7803592818957,1960.6313065625839,1978.6344799066217,3165491
2020-08-10,1957.031005859375,1993.2087748810231,1951.2442707064945,1987.207716203962,2929353
2020-08-11,1954.5443115234375,1982.0635298930124,1950.8581151321068,1957.2020063779185,2774423
2020-08-12,1935.212158203125,1968.6893121834357,1925.953343709496,1961.7882648365555,3415751
2020-08-13,1932.726318359375,1971.7760999377642,1929.3400490912775,1948.629163112408,2695682
2020-08-14,1922.1815185546875,1955.7447017933775,1914.4231758592866,1952.058296001479,2270405
2020-08-17,1931.826171875,1946.0573356709467,1918.8382517909677,1940.0562778076444,2625630
2020-08-18,1945.8431396484375,1962.3460498536288,1927.4542244227137,1939.8849879538966,3493374
2020-08-19,1934.5699462890625,1958.5741810457453,1931.0549567652786,1951.5015047335085,2843005
2020-08-20,1931.3551025390625,1951.6729309082677,1920.3816961669886,1934.9127893443135,2895164
2020-08-21,1927.710693359375,1946.91398847764,1921.2380840783685,1937.4837577980918,1975294
2020-08-24,1927.28271484375,1937.441523109407,1911.7656098063708,1929.4259498323222,2167966
2020-08-25,1922.610595703125,1928.9117912747524,1914.8093447052752,1924.625320627475,1663419
2020-08-26,1931.912109375,1937.3987074831466,1900.149323493487,1922.0532279648326,2618149
2020-08-27,1927.5394287109375,1960.9311919566899,1921.8385082691184,1942.6278843483092,3579393
2020-08-28,1919.095703125,1954.5875942887815,1916.1380804114037,1944.6858058125567,2941136
2020-08-31,1935.1265869140625,1951.3722638809109,1910.0507412313793,1920.3382676653007,6018154
2020-09-01,1925.7821044921875,1952.9153708544134,1921.4527287327448,1945.1997262812397,3610908
2020-09-02,1941.8994140625,1944.9857561725767,1921.75300512804,1926.339611733236,2084137
2020-09-03,1971.347412109375,1992.3511136082573,1944.3426530393835,1944.3426530393835,4654146
2020-09-04,1962.1741943359375,1992.5652192817543,1940.013064722135,1950.343497414646,5231303
2020-09-07,1994.9659423828125,2009.0683861004613,1957.5022383616697,1962.3458654934739,4620401
2020-09-08,2013.09765625,2049.318326442126,1994.965972524825,2002.5958051292062,7453998
2020-09-09,1995.4796142578125,2022.3558557041947,1988.921401116461,1993.2078696533501,3866535
2020-09-10,1998.4805908203125,2013.3547237021112,1992.60825318678,2001.7812560546859,2308813
2020-09-11,2035.3018798828125,2042.9317131779167,1997.6236390920992,1998.309516189484,4145424
2020-09-14,2135.86181640625,2148.1640668867335,2041.94544248062,2043.8743536451395,7512131
2020-09-15,2135.86181640625,2175.811793578182,2112.886508642399,2135.86181640625,7318770
2020-09-16,2145.806884765625,2149.7505208908246,2123.774470797287,2133.761862190042,3074003
2020-09-17,2109.757568359375,2139.5914405839812,2100.884701288022,2126.089060462095,4828176
2020-09-18,2100.284912109375,2143.5782678746677,2088.711440766178,2130.3760213218216,4183256
2020-09-21,2113.487548828125,2147.436275426526,2102.214003900722,2113.230318693974,4598809
2020-09-22,2162.91015625,2190.3864746313698,2107.2289450661083,2130.3758862853047,7499613
2020-09-23,2115.329345703125,2160.2516621719546,2065.2205696730134,2151.8072353172533,7502280
2020-09-24,1999.4232177734375,2100.369550239006,1974.0045434671629,2100.369550239006,8424708
2020-09-25,2076.623291015625,2091.7973529040923,2016.4412942798363,2030.0721851134797,8228267
2020-09-28,2080.0517578125,2095.225814527388,2028.35690555311,2091.7966397081946,4347166
2020-09-29,2133.2900390625,2152.707871314026,2080.0522139013005,2087.3821185445845,6995811
2020-09-30,2136.63330078125,2147.520889779566,2108.9426702026876,2133.804189485565,3917166
2020-10-01,2163.33837890625,2177.526635656113,2136.6337560512884,2151.8078171247416,2610337
2020-10-05,2319.66650390625,2338.7842049072824,2231.579531855379,2246.1106255307136,17412105
2020-10-06,2326.952392578125,2345.5556244942222,2271.9141774599066,2345.5556244942222,9846367
2020-10-07,2345.513427734375,2374.704329675827,2317.265632893054,2350.700098184519,9656101
2020-10-08,2422.45556640625,2473.2931414687678,2400.423152898631,2400.423152898631,19839329
2020-10-09,2411.52490234375,2426.0132952436484,2383.277109399946,2408.9959271272833,7739245
2020-10-12,2426.14208984375,2446.7171464360645,2401.0662396218668,2413.7113264858936,4623203
2020-10-13,2423.184326171875,2447.488484775687,2410.882073914188,2439.001358145839,4209878
2020-10-14,2418.9228515625,2446.817520356493,2399.938880486718,2446.817520356493,4395936
2020-10-15,2359.51708984375,2434.5487167250844,2347.8080984914877,2420.1278198971663,6629355
2020-10-16,2379.060791015625,2386.2495901900656,2351.5104186466215,2367.696304451943,5273773
2020-10-19,2334.506591796875,2388.2728214599206,2330.244935758179,2388.2728214599206,3331194
2020-10-20,2358.1396484375,2376.133401035261,2340.0166273556647,2346.086360712737,3406273
2020-10-21,2303.38330078125,2366.749243094682,2292.7507047607205,2358.1397514864802,4570143
2020-10-22,2299.724365234375,2313.0690777980003,2271.2701624060755,2290.9858149552647,5262294
2020-10-23,2313.1982421875,2326.28462736434,2298.8204332723008,2314.059191346406,3499091
2020-10-26,2314.4033203125,2333.1289631705963,2299.1645633354756,2315.909981232117,2672752
2020-10-27,2264.42529296875,2340.1888171708038,2259.2167188339877,2324.3474370965296,3537502
2020-10-28,2257.58056640625,2286.637596966471,2243.633233775872,2281.514992135864,3569445
2020-10-29,2266.57763671875,2285.8199337978403,2238.6829690613313,2245.355324800289,3105968
2020-10-30,2294.300537109375,2302.4795544288513,2257.064484575969,2269.548247853065,3427003
2020-11-02,2242.427734375,2294.2999089624423,2238.5103745875494,2290.124222449726,2571196
2020-11-03,2267.3955078125,2294.429223972873,2239.3715741265737,2241.9113317918805,2879269
2020-11-04,2284.227294921875,2343.3746733495504,2247.077420872264,2247.077420872264,4893928
2020-11-05,2312.251220703125,2333.172328268198,2296.151512727411,2311.648598302624,2816502
2020-11-06,2330.975830078125,2335.96937524995,2308.4621026144646,2323.7008546207003,3884421
2020-11-09,2347.46435546875,2362.444788637406,2320.3444535583717,2351.3386271702325,3646592
2020-11-10,2281.170654296875,2335.88379748692,2271.4849776230476,2322.151702374554,4760020
2020-11-11,2314.058837890625,2318.3635830276367,2275.832574958379,2296.968915619634,3242441
2020-11-12,2299.637939453125,2335.754709079128,2291.6310714675155,2312.5090853617908,2437505
2020-11-13,2287.41259765625,2294.343069445796,2269.4617256505835,2286.4654696117364,2548093
2020-11-14,2299.035400390625,2315.092016240263,2290.1675830574613,2305.5784871138007,298819
2020-11-17,2295.33349609375,2320.257931651249,2281.5583098576017,2320.257931651249,2827273
2020-11-18,2261.411865234375,2293.7405459178117,2244.5373890213323,2290.985550841463,2893762
2020-11-19,2270.23681640625,2304.0290718364786,2265.028242003626,2270.322995401612,4167501
2020-11-20,2290.33984375,2303.8997920778124,2262.1868502126913,2285.8198609740625,2711471
2020-11-23,2345.43994140625,2350.3903973714096,2294.428721243519,2315.9524428311693,3706418
2020-11-24,2343.54638671875,2361.5832271478666,2328.867163483405,2354.1789812941174,3120516
2020-11-25,2325.682373046875,2352.931334161523,2314.4038532032355,2349.5306264841915,3302249
2020-11-26,2342.29833984375,2351.2090374240956,2307.343720302402,2312.5094151986013,2341099
2020-11-27,2307.04248046875,2339.801640146145,2297.9165449030984,2328.867627151474,6086808
2020-12-01,2347.636474609375,2355.470986727733,2259.518234131527,2306.4830581110723,3605017
2020-12-02,2367.22265625,2371.6564600684815,2326.671869283608,2340.92061902529,2509032
2020-12-03,2332.6982421875,2388.1863635837553,2325.251117362909,2388.1863635837553,2852548
2020-12-04,2348.28173828125,2358.0105050608636,2323.7015996623713,2333.8608409880508,2686527
2020-12-07,2357.020263671875,2362.444284936023,2329.8572780510817,2337.4767615165097,1996400
2020-12-08,2408.332763671875,2415.435593169417,2352.5001349989884,2359.000342214054,4277818
2020-12-09,2419.95556640625,2445.095235948603,2404.7596899686655,2423.571510280042,3659996
2020-12-10,2397.140869140625,2434.161684270241,2393.6539828863943,2426.1548147734406,2127801
2020-12-11,2396.5380859375,2417.286833886007,2380.1369629478827,2404.372596916649,1795408
2020-12-14,2408.67724609375,2414.101267442154,2372.9909480696992,2412.3793692485433,2483658
2020-12-15,2377.5537109375,2406.094085705665,2371.914453048714,2398.603871576667,2365509
2020-12-16,2422.8828125,2427.70421133273,2376.6068003361715,2392.577447502868,2565149
2020-12-17,2443.544921875,2456.8896287105504,2414.961462820596,2420.127155789196,2863460
2020-12-18,2463.17578125,2495.0309032025516,2450.4336904304423,2469.202425943726,6076692
2020-12-21,2428.005126953125,2485.1291745611375,2397.7428550676486,2463.1749760676994,2705195
2020-12-22,2473.076171875,2482.6756698053955,2426.713980972715,2439.929633104874,2881737
2020-12-23,2504.28564453125,2513.110372629727,2467.006507208422,2476.1326515629303,2790988
2020-12-24,2504.802001953125,2515.13338972514,2482.288059984368,2504.5005857327255,1807144
2020-12-28,2522.06396484375,2539.5412719171272,2498.474045868836,2505.361638000797,2108994
2020-12-29,2523.011474609375,2541.521881264929,2513.9715085682906,2513.9715085682906,1994151
2020-12-30,2504.759521484375,2537.8198863162256,2498.4745503563845,2526.369220046216,2637968
2020-12-31,2464.681884765625,2501.056982008258,2449.4000391784834,2496.7522367724437,4040956
2021-01-01,2521.073486328125,2531.1896353810935,2478.671755191214,2479.5327040467855,2681440
2021-01-04,2616.81103515625,2626.53979955319,2532.00757035055,2539.7991997646186,5113293
2021-01-05,2662.916015625,2681.2111870870212,2616.9414100045724,2616.9414100045724,5801309
2021-01-06,2627.186279296875,2680.5651255418056,2614.8746646566897,2668.942312246538,3726716
2021-01-07,2611.086669921875,2652.4553193429574,2583.0627325596793,2647.418682650117,3717827
2021-01-08,2686.9365234375,2693.049347401583,2634.504796371114,2660.333274766909,5879039
2021-01-11,2734.76171875,2780.865584960239,2709.019424811484,2780.865584960239,9508039
2021-01-12,2733.384521484375,2763.6468003456735,2711.9898508065016,2734.7619140231536,3611458
2021-01-13,2719.6953125,2735.235486908283,2691.5423169490145,2733.513588584765,3572801
2021-01-14,2804.01318359375,2817.642108404087,2691.617988643426,2721.4636008005186,6931542
2021-01-15,2789.04638671875,2824.110471902253,2768.904891510761,2790.4695713511874,4131692
2021-01-18,2779.041259765625,2809.231822066175,2749.411295099311,2803.4093564796403,4160906
2021-01-19,2812.638916015625,2828.4243088054377,2787.882697791758,2788.745285260134,2975735
2021-01-20,2854.129638671875,2870.648105502872,2818.1597810756234,2820.6612006556556,3453446
2021-01-21,2823.982177734375,2854.431348081658,2813.8467745856074,2850.851694185324,2778546
2021-01-22,2849.212890625,2868.103472870908,2796.4223664998394,2796.4223664998394,3052459
2021-01-25,2839.0341796875,2880.8696719465147,2828.1223218457994,2854.2587642828466,2272887
2021-01-27,2812.94091796875,2852.1023049644546,2783.5697724256493,2846.5386578880207,2786662
2021-01-28,2757.3037109375,2824.9736482714634,2746.3057219251455,2786.157216463153,3083938
2021-01-29,2683.811767578125,2774.8147510394783,2674.0213149781584,2768.9491137784144,5445659
2021-02-01,2707.96435546875,2730.0896422661626,2625.8028899313563,2674.021450560854,3985846
2021-02-02,2763.255859375,2780.9820744557087,2717.150600042023,2737.852699851867,2881837
2021-02-03,2760.322509765625,2791.3324808381217,2728.0616186438883,2771.4929730942167,2505866
2021-02-04,2750.316650390625,2792.928592710051,2739.5774797814165,2774.124145975899,2057261
2021-02-05,2724.00732421875,2765.3253792456094,2699.0354658146293,2759.373400952019,2366135
2021-02-08,2772.4423828125,2782.707089139848,2721.5926846096877,2751.2226474927297,2526592
2021-02-09,2740.353515625,2799.78590709136,2729.2262236656798,2755.9664300290287,2658751
2021-02-10,2771.752197265625,2777.013854169125,2723.4473017724445,2747.3409311746523,2127983
2021-02-11,2765.455078125,2776.9275321396753,2747.383915038683,2773.218364370516,1165882
2021-02-12,2752.34375,2799.5272357807867,2744.7529392249153,2746.650589270533,2777404
2021-02-15,2708.395263671875,2768.043101041877,2701.235745785617,2768.043101041877,2630853
2021-02-16,2681.611328125,2732.3744622498484,2674.020518084178,2717.149881279084,3435770
2021-02-17,2650.8173828125,2702.356979177696,2627.053058185839,2678.4201791921864,3678426
2021-02-18,2637.231689453125,2672.209440285452,2614.5024270724384,2643.8303988706775,4189909
2021-02-19,2649.73974609375,2662.9371676147,2601.6934493368462,2637.792823854593,3725028
2021-02-22,2551.92138671875,2670.570313400663,2538.723758749121,2670.570313400663,5366696
2021-02-23,2570.68310546875,2611.9148281639755,2560.1595805781635,2561.8847554976905,3832829
2021-02-24,2542.993408203125,2590.6513509964925,2519.7465146922978,2563.609158043225,3774549
2021-02-25,2583.7080078125,2613.553404647597,2560.547452544542,2565.3348545968297,4224073
2021-02-26,2496.586669921875,2563.9116563447387,2484.251628398456,2553.2586180761905,5553153
2021-03-01,2522.378173828125,2557.5717838320993,2503.0562992261116,2523.9308733533635,3265871
2021-03-02,2593.239990234375,2609.3271627195363,2542.907925850312,2553.258975752009,3306469
2021-03-03,2638.7412109375,2642.9678049786457,2585.0881059524086,2617.9527702709497,3509857
2021-03-04,2630.632568359375,2658.0197164010424,2601.606588608952,2607.6015285026997,3916760
2021-03-05,2594.706298828125,2642.2779138838096,2584.8297143482514,2601.6501701271904,3203686
2021-03-08,2593.75732421875,2616.2277697005156,2584.312033637568,2601.563782860783,2003125
2021-03-09,2631.710693359375,2645.468918741427,2580.9475568679964,2593.7568519784845,1942397
2021-03-10,2648.962158203125,2668.1547236819365,2639.5168703444283,2652.455678532391,3053778
2021-03-12,2637.7490234375,2688.6848500917695,2623.4301993562667,2652.4561803119,2938317
2021-03-15,2644.822509765625,2673.1585926371235,2623.128518944657,2623.128518944657,3097083
2021-03-16,2682.6904296875,2709.387472019462,2639.5178810504785,2639.5178810504785,4894756
2021-03-17,2685.19189453125,2721.4637434363112,2661.341432807614,2678.3343655688577,3838390
2021-03-18,2619.246826171875,2714.0882754209074,2576.591918330186,2696.4052324647,3656306
2021-03-19,2631.064453125,2673.158766887321,2592.0755387210065,2613.6402270631115,5776626
2021-03-22,2699.59716796875,2708.050568472924,2603.8499454375255,2629.7707446467207,2821646
2021-03-23,2710.76708984375,2733.539311642476,2693.730989684413,2708.5242784971206,3305973
2021-03-24,2692.221923828125,2719.134611643029,2683.6390097502326,2683.6821812436565,2207104
2021-03-25,2643.701416015625,2700.632191713419,2630.8919072465596,2684.5448082856474,3179786
2021-03-26,2645.382568359375,2689.5469925717343,2624.896121575033,2665.9551475114677,3697370
2021-03-30,2724.525390625,2750.3166688550155,2640.293607249068,2659.3568724400325,4694008
2021-03-31,2741.173583984375,2764.5927487735926,2701.6238655721972,2721.4633767178425,3530069
2021-04-01,2730.089599609375,2773.2189771703447,2712.837848584987,2752.603218933267,4285076
2021-04-05,2793.833740234375,2814.6221770509164,2718.0124057270723,2735.26415060633,5317862
2021-04-06,2816.088623046875,2824.9733140615263,2786.1568868454137,2824.9733140615263,2291562
2021-04-07,2821.868408203125,2827.1734472042103,2790.297834912281,2811.1724084069633,2491268
2021-04-08,2861.50439453125,2876.728977898369,2817.2536188096706,2820.6607969198403,2578118
2021-04-09,2865.73095703125,2893.4200964931333,2853.4390867211605,2893.11810666952,2911129
2021-04-12,2800.433349609375,2879.4032733871372,2771.665973691975,2865.731177961672,3791828
2021-04-13,2677.514892578125,2772.3563503735863,2650.7746788688587,2772.3563503735863,8654596
2021-04-15,2776.626220703125,2792.4116153775035,2663.195955069596,2726.035543880067,6062760
2021-04-16,2756.09619140625,2800.8214346787513,2745.2708874426585,2785.2948606645173,3224657
2021-04-19,2727.32861328125,2750.790946118648,2704.2975741011296,2733.539199827531,2679106
2021-04-20,2712.44970703125,2782.1468227930536,2696.7506558291448,2781.844832915207,3141893
2021-04-22,2690.238037109375,2715.4255509270147,2678.549933931421,2715.4255509270147,1988980
2021-04-23,2682.21533203125,2690.40991175606,2666.3006377368515,2678.333689003708,1615309
2021-04-26,2674.711181640625,2719.7382039838667,2663.7131917577217,2675.78941594287,2490260
2021-04-27,2701.6240234375,2705.160716389788,2676.6089861834494,2679.196748658006,1471417
2021-04-28,2694.8095703125,2718.013088769156,2684.372177800576,2717.1073298168585,1639037
2021-04-29,2687.175537109375,2723.490552768404,2678.765309523526,2713.35515029315,1621395
2021-04-30,2618.513427734375,2701.6669817097545,2605.014018794562,2673.1584252464727,3072305
2021-05-03,2619.67822265625,2635.2047975682726,2591.212835317542,2609.2408297283305,1545831
2021-05-04,2630.67626953125,2665.3954169527215,2617.95310370599,2641.93307870196,1990777
2021-05-05,2670.312255859375,2673.5037876990805,2632.9621725538914,2648.1437977814962,1939289
2021-05-06,2683.8974609375,2703.3488484717996,2651.5936056803803,2678.7651081458753,1791671
2021-05-07,2702.400634765625,2725.6475392917073,2684.200162579639,2702.4869777635568,1912540
2021-05-10,2713.26904296875,2729.3993874671364,2695.5859988165134,2713.657165234048,2137153
2021-05-11,2693.515380859375,2698.259611350448,2666.3868398499667,2695.5855062911596,2415625
2021-05-12,2663.3251953125,2691.272945509579,2648.661208109403,2691.272945509579,1978558
2021-05-14,2632.185546875,2672.7271561501516,2622.2657914140586,2672.7271561501516,2043935
2021-05-17,2647.927978515625,2652.6290382727884,2618.8156503863306,2635.204812888748,2890462
2021-05-18,2664.3603515625,2694.7233898934733,2655.044364306053,2674.021289586993,2098538
2021-05-19,2658.494384765625,2689.5475313754764,2645.641916655821,2660.2195595772832,1986041
2021-05-20,2639.517578125,2664.3601386258806,2632.7032215557847,2645.64203321326,2329027
2021-05-21,2657.20068359375,2663.8425649498754,2635.291046239091,2640.3802280410546,1685566
2021-05-24,2658.063232421875,2678.3340375368884,2649.8686516306993,2658.063232421875,1652260
2021-05-25,2699.236572265625,2711.5885700674185,2671.5855179759806,2680.166821273382,1841613
2021-05-26,2737.80908203125,2743.44332582837,2690.394795786189,2704.43702261754,1923753
2021-05-27,2756.4462890625,2789.168253657503,2740.6704438207285,2740.8003802229773,5959785
2021-05-28,2724.894287109375,2772.0484983674514,2718.0030028761844,2764.680639631953,1763701
2021-05-31,2738.372802734375,2748.0812088490416,2711.892022501999,2730.441604627184,1652799
2021-06-01,2733.041748046875,2747.7340804858504,2714.8388058619767,2746.5640183190408,1377441
2021-06-02,2712.628662109375,2738.6328676832036,2700.103345415868,2731.178455725699,2240078
2021-06-03,2722.85693359375,2734.3855066677797,2706.7342420318428,2734.3855066677797,1281706
2021-06-04,2725.02392578125,2736.379179711541,2708.7712979932903,2711.3717184393636,1836060
2021-06-07,2759.219482421875,2765.5038319928763,2716.2259902615097,2726.107503558531,2559821
2021-06-08,2773.911376953125,2800.6524483029743,2762.686272510254,2772.047827196816,2574057
2021-06-09,2773.998779296875,2791.11821555689,2761.8201000379795,2775.5156913705473,1710925
2021-06-10,2788.344970703125,2794.585939160807,2767.71492051503,2782.4506404175527,1874324
2021-06-11,2837.751953125,2868.263508106389,2783.3164474250875,2783.7932334575407,3452954
2021-06-14,2839.962646484375,2868.003720504315,2834.761805496382,2842.2595999383007,1847360
2021-06-15,2828.17431640625,2858.7292607486975,2818.46612109576,2858.7292607486975,1304985
2021-06-16,2838.22900390625,2855.868395770496,2819.7225935967435,2827.610620330609,1635552
2021-06-17,2875.8486328125,2891.711241629549,2825.79053363537,2830.5579716522398,2273413
2021-06-18,2858.1220703125,2910.737200128449,2838.792236575542,2904.5827872718105,3380431
2021-06-21,2837.1455078125,2848.327231222669,2818.595714756018,2830.124287870364,1130569
2021-06-22,2861.50244140625,2883.9094808610066,2847.460214181411,2863.9295426652607,1708688
2021-06-23,2827.00390625,2885.600136660066,2822.669871800225,2885.600136660066,1467104
2021-06-24,2924.259521484375,2932.4074208008446,2841.8261096942265,2846.593547120891,4155204
2021-06-25,2930.50048828125,2946.839669579688,2903.8027963662275,2925.689668189585,2722861
2021-06-28,2892.3173828125,2939.7750517145705,2889.0668575452346,2939.7750517145705,1355238
2021-06-29,2895.87158203125,2917.9317727636685,2883.432819803857,2896.8683252020114,1497322
2021-06-30,2900.118896484375,2931.5406434760985,2893.8345470860304,2900.335598187766,1693146
2021-07-01,2896.4345703125,2914.204107553681,2888.5033737051617,2910.736880774914,990310
2021-07-02,2882.523193359375,2894.875192670294,2856.3022825414587,2887.3340143629234,1682274
2021-07-05,2878.665283203125,2924.6060420136537,2862.1959545729355,2896.8682253733346,1972858
2021-07-06,2827.7841796875,2884.733350441063,2822.4100192558253,2871.73124699857,2159420
2021-07-07,2838.748779296875,2845.4665317412073,2809.8409005907183,2838.7921619597746,2640710
2021-07-08,2824.490234375,2858.7291063276816,2801.433086588135,2858.7291063276816,2485811
2021-07-09,2780.84619140625,2844.8599591707584,2774.648607344789,2817.122141165437,6365067
2021-07-12,2767.80126953125,2804.987201866084,2763.683936648412,2804.120394943381,1892226
2021-07-13,2762.990234375,2785.9172333767738,2752.1117660147033,2785.9172333767738,1809339
2021-07-14,2786.394287109375,2792.851956478102,2760.7800997463546,2762.5137136237463,2044279
2021-07-15,2782.3974609375,2807.5029716150634,2774.6226527775943,2803.81100346406,2232968
2021-07-16,2775.318115234375,2797.0790558997232,2772.8857169254143,2791.128386115713,1256526
2021-07-19,2766.45703125,2779.6612046170226,2758.986140117365,2762.4609337447164,1597058
2021-07-20,2784.87353515625,2792.8655184842964,2741.7425298362173,2766.4571704217306,1811945
2021-07-22,2794.03857421875,2801.509254252244,2771.1482833453642,2771.1482833453642,2859334
2021-07-23,2790.99853515625,2815.930143928845,2785.612433872691,2805.8966321307703,1776193
2021-07-26,2777.707275390625,2800.901485798644,2771.8870371361213,2779.835544562506,1259611
2021-07-27,2765.024169921875,2788.522509498278,2746.0864980011934,2779.8355234873798,1121367
2021-07-28,2777.923828125,2783.700587738903,2721.1108246514436,2769.410541258795,1660654
2021-07-29,2776.186279296875,2801.943101003976,2771.408438285911,2780.0519446070157,1731997
2021-07-30,2751.55859375,2800.2491795242363,2747.1283593393214,2796.3400368818106,2999943
2021-08-02,2796.68798828125,2801.465830240041,2751.1682697258793,2762.4613507193862,2608669
2021-08-03,2853.5869140625,2858.017360153698,2796.2963045334704,2805.026764722277,3804735
2021-08-04,2844.07568359375,2871.2225143143883,2832.99977665973,2866.705324099397,2929598
2021-08-05,2852.76220703125,2879.73533608023,2834.128667861765,2844.9873983899706,2534521
2021-08-06,2875.21826171875,2887.553737675778,2836.30052753051,2842.859243449068,2292362
2021-08-09,2886.4248046875,2898.8472371226603,2875.392374850466,2887.4672005937846,1510489
2021-08-10,2896.15380859375,2910.0529844223115,2880.2567959075063,2880.2567959075063,2040777
2021-08-11,2905.101806640625,2918.8272868947324,2890.2471878777355,2910.140300921831,1929707
2021-08-12,2911.659912109375,2925.7762613513464,2889.2909279259434,2889.2909279259434,1310205
2021-08-13,3008.65087890625,3023.071361614472,2916.655774890974,2919.4790455591483,4363584
2021-08-16,3016.9462890625,3035.536563448586,2985.28227245685,3005.6966863671473,2083489
2021-08-17,3086.52978515625,3093.2621997032534,3008.3034291964027,3024.895658268676,4336019
2021-08-18,3093.044677734375,3122.9713004918467,3072.239389790579,3104.598410915286,2631309
2021-08-20,3092.132568359375,3105.5973962311464,3040.44500330322,3045.657194737454,2836148
2021-08-23,3159.803466796875,3190.7292145872248,3094.2167377739142,3109.9402636052996,3744176
2021-08-24,3138.78076171875,3185.8209035117006,3122.4491907073107,3176.829790967594,2511141
2021-08-25,3178.567626953125,3212.2296918737134,3133.4387849152135,3136.00140292451,2123263
2021-08-26,3189.73046875,3203.412469252929,3168.9249713334366,3179.436307347297,1902533
2021-08-27,3231.6884765625,3239.8108919607075,3171.7050178376517,3184.6485399994513,3944728
2021-08-30,3215.3134765625,3249.2361919871105,3203.4123507283152,3227.2146023966848,2033114
2021-08-31,3289.283203125,3304.6158580161027,3217.1812317850963,3222.349945144956,3207480
2021-09-01,3227.17138671875,3315.5614573561893,3220.2652761964287,3297.5794411765964,2643336
2021-09-02,3332.979248046875,3352.438011237074,3233.296086852276,3243.720469722299,3403717
2021-09-03,3337.583251953125,3350.483297959247,3305.0070568599826,3322.771899500522,1746812
2021-09-06,3346.22607421875,3368.464837012076,3313.2155366226148,3344.228025578914,1723693
2021-09-07,3314.86669921875,3361.819898080558,3308.221240170939,3356.651184145082,1585039
2021-09-08,3278.5986328125,3314.085054335627,3262.8318385542893,3309.7415614728015,4147175
2021-09-09,3293.583251953125,3308.6117777077047,3270.649697473994,3292.1065069900405,1441148
2021-09-13,3340.449951171875,3346.5741060930313,3272.38733704224,3272.38733704224,1691473
2021-09-14,3375.67529296875,3384.8835815661164,3322.771641085691,3344.445625451803,1991188
2021-09-15,3435.311279296875,3457.4196110258426,3358.38799402661,3372.3741230155924,2461369
2021-09-16,3390.791015625,3458.9403729078654,3381.0616345028816,3413.985223966324,2946666
2021-09-17,3325.247802734375,3427.0157522153695,3305.3979561925175,3405.2982886398604,6477148
2021-09-20,3321.468994140625,3362.7321763615428,3307.8739463058937,3308.8728648310816,2002008
2021-09-21,3355.739013671875,3363.209906018723,3319.861721221568,3351.438998276078,1568129
2021-09-22,3355.044189453125,3385.188200327856,3346.61785550958,3355.348318794824,1744067
2021-09-23,3361.2109375,3369.6807460263617,3331.4580203689347,3361.862461232797,2003869
2021-09-24,3362.99267578125,3426.494411341155,3348.832847265645,3379.237295943802,2320754
2021-09-27,3333.15234375,3391.3986149404177,3303.573120278085,3387.923821277569,1673362
2021-09-28,3282.941650390625,3344.4890201802423,3258.705048558736,3344.4890201802423,2253075
2021-09-29,3294.017822265625,3306.2665561909757,3233.4261006959136,3266.13272711656,2489161
2021-09-30,3279.81494140625,3305.3980719774313,3257.706605128869,3305.3980719774313,2252412
2021-10-01,3240.419189453125,3309.7413740348698,3235.9019995485273,3285.200640749703,1578374
2021-10-04,3277.859375,3286.85027525629,3220.655506462103,3235.7275069719394,1356860
2021-10-05,3329.981689453125,3335.801926439112,3250.3220869079396,3261.093862461569,1877966
2021-10-06,3310.522705078125,3350.9606587155918,3296.7104851126683,3332.3271201296957,1678154
2021-10-07,3381.75634765625,3387.055493405651,3318.4717883990315,3327.115296164053,1647233
2021-10-08,3418.892822265625,3466.0197111429757,3387.9238086943383,3409.6412690064817,2934339
2021-10-11,3201.675537109375,3264.1348795108815,3179.4367688648904,3261.963133084061,11845402
2021-10-12,3173.2255859375,3220.2655276267183,3153.8970431833336,3219.396829075969,5752877
2021-10-13,3175.266357421875,3192.857500067075,3166.4056761360216,3170.749168147182,3545655
2021-10-14,3143.281005859375,3194.2409413041028,3140.4523183772935,3155.0744992445157,6442299
2021-10-18,3174.35302734375,3179.1835977264323,3134.577371767137,3136.31810253628,3590107
2021-10-19,3163.0380859375,3211.7351962506837,3155.2483587152783,3193.3704027509225,3135441
2021-10-20,3141.017822265625,3159.425962920744,3114.4281204926015,3143.7593878979965,2933693
2021-10-21,3074.5654296875,3139.7992665819975,3056.070167017759,3136.883670314862,4871211
2021-10-22,3045.27783203125,3099.8932567069073,3033.2231871659847,3098.5005871767303,2691670
2021-10-25,3040.142333984375,3058.942308854021,3002.7601880545794,3048.889547465273,2595594
2021-10-26,3031.134033203125,3071.518894854652,3024.51917246243,3041.491294437399,3878763
2021-10-27,3037.357177734375,3056.0700308961455,3031.482212206842,3031.482212206842,2510813
2021-10-28,2978.085693359375,3061.9454848556675,2972.297848431525,3061.9454848556675,2424942
2021-10-29,2957.284423828125,3012.335042563208,2947.0140682693504,2959.286307007717,3960501
2021-11-01,3025.738037109375,3034.963994875041,2970.513397796722,2992.2725316859896,2020718
2021-11-02,3032.5263671875,3058.1152313923385,3019.9496326293856,3041.055988589113,3087414
2021-11-03,3039.533447265625,3063.5989646219014,3016.729917190848,3049.9342708836666,1537639
2021-11-04,3053.80712890625,3057.8108942881813,3050.63038055364,3057.5497421995287,328991
2021-11-08,3048.67236328125,3088.0563970942476,3029.915946668684,3088.0563970942476,2526082
2021-11-09,3051.239501953125,3076.7412470079594,3042.7970012842507,3053.2413845838532,1782692
2021-11-10,3032.61376953125,3063.4246152630417,3029.045186907905,3044.5377312978912,1516489
2021-11-11,3036.00830078125,3055.0258682331873,2990.5752730659246,3028.8713475755,1284514
2021-11-12,3068.95166015625,3076.0014917098492,3033.832334714238,3051.500793099573,1747259
2021-11-15,3092.668701171875,3106.8556964004206,3070.6484191597583,3070.6484191597583,1809157
2021-11-16,3095.366943359375,3112.034565678552,3082.833768540347,3106.333630694664,2013204
2021-11-17,3065.33984375,3100.9814771812103,3051.8491799334315,3090.319500939084,1632914
2021-11-18,3025.128662109375,3064.425783307155,3004.152985656586,3059.4645310524397,2136598
2021-11-22,3010.0712890625,3060.16085491759,2994.317804519924,3027.4785951812783,3167936
2021-11-23,3015.1630859375,3029.6981444091452,2966.0310056960593,2998.408553382316,2153461
2021-11-24,2996.928466796875,3040.2291345019407,2980.130376324549,3022.0819355023136,2161746
2021-11-25,2999.191650390625,3014.074981759771,2988.877949258958,2997.450919820738,1849619
2021-11-26,3000.01904296875,3037.5752247190135,2969.599602458624,2981.0014741153645,1941251
2021-11-29,3048.01904296875,3071.823617064497,2964.855602539076,3000.27942498904,2981745
2021-11-30,3071.64990234375,3101.764629552227,3038.44554802296,3038.44554802296,5588446
2021-12-01,3113.99365234375,3124.612068686096,3076.7419673552504,3076.7419673552504,2102118
2021-12-02,3170.6533203125,3175.0922678546226,3110.7723642014284,3123.9147513020857,3152938
2021-12-03,3168.521728515625,3190.7160465699467,3160.166348037167,3173.743920998995,2486263
2021-12-06,3077.959716796875,3183.796220721799,3065.4265416572375,3168.5212674324416,1849642
2021-12-07,3119.824462890625,3131.574394610258,3067.4285135724954,3100.6764260141867,1484458
2021-12-08,3156.7275390625,3173.7432216529896,3134.185164806538,3134.185164806538,1428660
2021-12-09,3134.83837890625,3163.5604352688256,3103.722817846793,3142.018892996894,1567957
2021-12-10,3165.3447265625,3169.8705838544292,3111.6432273189575,3120.259759230678,1510718
2021-12-13,3141.714599609375,3187.278316464804,3134.7952366964664,3176.833930938431,1883864
2021-12-14,3154.02978515625,3163.777833920644,3113.0354949388247,3137.6668751812713,1747007
2021-12-15,3107.509033203125,3153.333684191236,3096.890405868701,3150.72258812373,1603233
2021-12-16,3117.300537109375,3140.6697186213864,3107.2042143295057,3117.648598243218,2072320
2021-12-17,3119.694091796875,3178.0085695838147,3110.4245734298493,3135.4911377231397,4333992
2021-12-20,3095.802001953125,3138.5370197477364,3055.1124274458575,3123.7408108360028,2312310
2021-12-21,3140.53955078125,3169.1744877679744,3104.071112614517,3118.2145505242247,2340989
2021-12-22,3160.078857421875,3165.344610059244,3138.754907271951,3154.203891564243,1224328
2021-12-23,3187.88671875,3194.6756101132755,3159.4258179297617,3175.0923922335455,1792861
2021-12-24,3195.024169921875,3224.7037142044237,3172.3077611305043,3207.2964067053445,2209923
2021-12-27,3216.95751953125,3220.3518594675843,3179.531808732032,3195.1112638122977,1534135
2021-12-28,3226.052734375,3242.110932603277,3214.9991369151708,3229.0554523377605,1456218
2021-12-29,3215.738525390625,3237.715248491065,3207.296024757275,3213.606172974233,1456923
2021-12-30,3249.726318359375,3255.1661012826416,3202.9441852192836,3204.1192633273176,1966475
2021-12-31,3253.73046875,3272.573794030178,3247.5943503878843,3257.6035521515405,1207141
2022-01-03,3322.837158203125,3333.4991332376317,3259.5180819777884,3263.8699085224853,2346158
2022-01-04,3381.1513671875,3384.9808892481374,3317.5711438865596,3334.4563570429486,2488606
2022-01-05,3360.4375,3368.3143499575167,3318.1812141708238,3363.96252263199,1733031
2022-01-06,3313.87255859375,3337.8511668408105,3283.0181489761508,3317.8327634933953,1810293
2022-01-07,3353.952392578125,3363.8744711407244,3304.2544532630545,3324.7951575576585,2460591
2022-01-10,3376.887451171875,3462.3137344601323,3360.4809775642457,3462.3137344601323,3937092
2022-01-11,3408.263427734375,3416.1838370410696,3356.128630733851,3356.128630733851,1906106
2022-01-12,3359.5224609375,3419.664779651047,3339.1995615540964,3416.183318943843,3203744
2022-01-13,3392.59716796875,3414.443424249762,3356.9993085218794,3410.09159730068,6684507
2022-01-14,3453.739990234375,3461.4428081583696,3359.653628525893,3375.146173409217,3348123
2022-01-17,3498.128662109375,3518.886959817252,3448.6485215692674,3475.10754208303,3442604
2022-01-18,3473.27978515625,3517.7553236459385,3464.053828155006,3511.0099926991543,2389041
2022-01-19,3413.162841796875,3498.041884432763,3409.544563577846,3498.041884432763,3102539
2022-01-20,3336.348876953125,3417.8273982491137,3322.7908711039217,3409.1084508046006,6176776
2022-01-21,3342.408203125,3358.1459444240563,3288.0020610960582,3319.3029944689906,3112358
2022-01-24,3288.220703125,3356.4898990779525,3260.973989266078,3348.0761989842986,3258414
2022-01-25,3286.955322265625,3321.395158492782,3245.365992989606,3286.6066495763694,3330501
2022-01-27,3181.76171875,3255.131572257952,3160.7055469917223,3253.0391101339314,5718297
2022-01-28,3217.335205078125,3251.9930207471753,3178.928199480695,3178.928199480695,3143862
2022-01-31,3257.616455078125,3276.580164117389,3244.668734105354,3268.733112101142,2739393
2022-02-01,3313.766357421875,3320.1748683247147,3257.7471254655034,3287.0428712143316,2105169
2022-02-02,3362.2001953125,3369.0010163346046,3313.7664036563433,3337.525533494624,1984212
2022-02-03,3334.64892578125,3385.131549382014,3327.194182693847,3357.6668632762744,1960538
2022-02-04,3326.191162109375,3334.7357731436837,3286.1712786456783,3326.5400477247117,2307366
2022-02-07,3294.890380859375,3340.9264679175108,3274.967499946627,3305.353118242363,1919149
2022-02-08,3263.894287109375,3312.938365711903,3244.3202929778845,3305.832508802573,2946443
2022-02-09,3278.80419921875,3293.9750843631887,3266.2053612919385,3269.6056660386375,1638721
2022-02-10,3287.348388671875,3304.3066986400545,3276.580403583315,3304.3066986400545,2112459
2022-02-11,3221.60791015625,3271.785502541707,3217.29207311896,3271.785502541707,3851488
2022-02-14,3255.436767578125,3307.3145011357815,3234.729268889145,3246.9357944321227,5951745
2022-02-15,3328.719482421875,3343.7160280319836,3267.861192454726,3300.993189603413,3931683
2022-02-16,3324.6220703125,3360.3697562876455,3318.431532229366,3351.5635338648667,3256906
2022-02-17,3299.423828125,3343.7161207459344,3294.8900183308697,3334.9971738861013,3134372
2022-02-18,3307.881591796875,3327.1069146820982,3276.2319808945354,3286.1714964542043,3688883
2022-02-21,3242.925048828125,3337.4385616421955,3230.8494350012497,3321.918793472412,7465922
2022-02-22,3126.96337890625,3198.022804045737,3112.664389545629,3182.4159725046347,5408531
2022-02-23,3107.258544921875,3158.7873968002073,3100.1524750080293,3148.4119344468936,2426203
2022-02-24,2965.880126953125,3037.550032060359,2956.6818093824854,3028.9617852607425,5039136
2022-02-25,3069.7236328125,3077.7886597537813,3018.499813050309,3023.731181877086,2549723
2022-02-28,3098.8876953125,3107.2143311826494,3013.1804149267537,3042.9121054584202,3288942
2022-03-02,3091.869140625,3114.3640652601866,3056.8626554299713,3097.405756821156,2761341
2022-03-03,3090.34326171875,3120.162228552476,3077.8753387197994,3106.429888039803,1928039
2022-03-04,3072.862060546875,3104.9912513670993,3040.340346833838,3052.93918222262,2370257
2022-03-07,3038.466064453125,3093.4827107743718,2991.9506051879243,3008.037021468879,3054130
2022-03-08,3138.77734375,3146.6680335114793,3016.755720684322,3016.755720684322,3300992
2022-03-09,3167.244140625,3185.9025983374027,3136.248247649481,3143.1797665589315,2719654
2022-03-10,3157.087158203125,3212.060163122713,3151.8994271684605,3212.060163122713,2005441
2022-03-11,3138.079833984375,3173.5661198059825,3132.5870674744247,3141.654687525225,1623423
2022-03-14,3176.312255859375,3180.9769774502593,3121.382892115444,3121.382892115444,1765688
2022-03-15,3133.502685546875,3190.2631230599486,3126.0915796310483,3190.2631230599486,3651133
2022-03-16,3187.560546875,3198.1105605331063,3152.989998508137,3174.1334502782915,3090475
2022-03-17,3202.2509765625,3234.7290512686336,3191.3959310793352,3223.0457484666144,3600452
2022-03-21,3162.100341796875,3238.173151385832,3151.8992167802776,3222.5226847081344,2413831
2022-03-22,3226.8388671875,3235.6014520923454,3160.6185027848965,3173.6969241757306,2907611
2022-03-23,3236.82177734375,3251.9928727405686,3217.291421341195,3232.9855258355424,1596195
2022-03-24,3269.474365234375,3276.7545581252484,3221.6508566813804,3226.010330100435,1879046
2022-03-25,3232.505859375,3295.325913070277,3201.597235823272,3278.2366923518357,1690133
2022-03-28,3232.723876953125,3237.3449613508205,3192.1807741513976,3221.6508570404744,1760990
2022-03-29,3230.675537109375,3245.192500629566,3218.163761371233,3221.4333669266766,2689063
2022-03-30,3253.5185546875,3259.1422326604416,3231.4159399540727,3259.1422326604416,1583455
2022-03-31,3260.842529296875,3273.6593387691028,3243.6226090320506,3260.886166604706,2168110
2022-04-01,3277.23486328125,3280.94041650212,3250.467733176428,3267.8619933696373,1387014
2022-04-04,3287.348388671875,3295.7620876915726,3258.3578888264396,3280.067982512089,1472994
2022-04-05,3326.10400390625,3344.239456565145,3288.786867502642,3288.786867502642,2314947
2022-04-06,3274.270263671875,3321.3089461528684,3253.1702389534807,3321.3089461528684,2051729
2022-04-07,3212.19091796875,3265.681745359496,3207.7007452082726,3265.681745359496,2494829
2022-04-08,3213.498779296875,3230.370027745647,3175.8766062249715,3217.291606580685,2296773
2022-04-11,3222.8720703125,3236.7789635996933,3187.7348778014734,3217.2920283632184,2291660
2022-04-12,3218.250244140625,3260.0139103467973,3180.9767499798,3211.1878127326167,4483476
2022-04-13,3192.834716796875,3234.5986001579863,3187.2546759280217,3232.113615146046,1621672
2022-04-18,3076.088134765625,3147.5398627614222,3071.249076614158,3147.5398627614222,3820792
2022-04-19,3027.131591796875,3107.040881125284,2998.577035957168,3095.2266635407514,3170014
2022-04-20,3101.15478515625,3111.9225558490607,3034.193236670542,3051.6311288353154,2640370
2022-04-21,3163.801025390625,3177.1846959049176,3110.397468139204,3121.38342791976,2280996
2022-04-22,3149.763427734375,3153.64331680634,3113.9721056051544,3122.342380367201,1581465
2022-04-25,3093.65625,3124.870117970111,3080.490769800027,3102.2008593018013,1960694
2022-04-26,3092.000244140625,3128.270936257901,3067.4562804026878,3117.1542787359804,1943469
2022-04-27,3104.9912109375,3111.3124472027903,3057.1242793987144,3091.7384547198044,1727648
2022-04-28,3125.132080078125,3142.657035068176,3084.806951954192,3128.358047755058,1703660
2022-04-29,3092.348876953125,3159.092458531303,3083.7608419130784,3136.2052227522518,2051115
2022-05-02,3088.60009765625,3093.4391564370508,3045.310605375588,3068.9824643813376,1324161
2022-05-04,3033.9755859375,3091.259025222723,3021.376750080482,3085.199399623491,2305825
2022-05-05,3063.31494140625,3080.4041637186206,3038.8584638656703,3062.18164851879,1612262
2022-05-06,2992.8662109375,3029.398518342552,2985.803777828197,3015.884148783102,2010812
2022-05-09,3003.764892578125,3013.2684608532413,2918.1012275668895,2962.698561915311,2481830
2022-05-10,2998.227294921875,3020.9401898489655,2983.6230616423572,2994.085795932161,1622685
2022-05-11,2974.90478515625,3006.6853051327807,2948.878642613765,2994.9583637197297,1841769
2022-05-12,2971.9833984375,3007.774713802082,2920.9341406673307,2945.2599144954493,2807195
2022-05-13,2977.43310546875,2999.2304728192926,2948.878554239539,2994.958273964552,2187823
2022-05-16,2944.21484375,2990.599611477472,2935.3215580323035,2977.5211875205737,1195813
2022-05-17,3009.432373046875,3022.8594686963716,2921.1964432417662,2938.2856675819935,1754076
2022-05-18,3006.990234375,3047.2717235989503,3001.9768402660748,3021.114884769775,1866781
2022-05-19,2844.0771484375,2968.801739876672,2816.220152658341,2961.826581603834,4642963
2022-05-20,2871.149169921875,2889.3716835160767,2851.139229667737,2885.9713794234453,3065125
2022-05-23,2896.216064453125,2911.1689726105033,2848.479832187359,2881.437492653417,2293690
2022-05-24,2866.790283203125,2898.9196937554434,2855.978872147246,2890.4621433700886,1711510
2022-05-25,2780.46142578125,2890.358139211959,2768.5239108215023,2890.358139211959,3548046
2022-05-26,2832.512939453125,2845.2845046149496,2791.78459666296,2800.9572278964383,2813186
2022-05-27,2862.664794921875,2878.1133830004437,2834.4883566615804,2855.5547884677594,3103153
2022-05-30,2962.685791015625,2972.648541346063,2884.6523186812783,2894.0004601077003,2094624
2022-05-31,2953.118896484375,2969.8402056716036,2918.578639497407,2944.165491324145,4840965
2022-06-01,2945.08642578125,2973.8772519538998,2931.788329574225,2973.8772519538998,1493835
2022-06-02,3004.599609375,3012.4995207055213,2937.274852340207,2944.911390433282,2657939
2022-06-03,3019.653076171875,3052.262281379866,3011.7970965329273,3036.550107803173,1913622
2022-06-06,3011.577880859375,3030.9327068602524,2964.3539226711787,3000.210828858483,1084210
2022-06-07,2951.669921875,3000.9567154912565,2945.7889201087964,2985.3324048192408,2308256
2022-06-08,2988.053466796875,2996.6556349491925,2937.450233831093,2966.987037508978,2185707
2022-06-09,3008.1982421875,3016.888058060886,2943.243422200155,2971.244130502211,1279197
2022-06-10,2949.2119140625,2978.2661136522997,2942.27763423593,2968.610667955225,1527582
2022-06-13,2826.061279296875,2890.4893497484964,2802.229755076651,2887.8560463627555,3030921
2022-06-14,2818.117431640625,2843.002020001427,2786.6493705312914,2800.0792606285445,2611493
2022-06-15,2814.38720703125,2838.70133453844,2809.734994390088,2825.095932347547,1404536
2022-06-16,2757.94677734375,2848.2252927417594,2750.090797397265,2843.968032652371,2032028
2022-06-17,2711.336669921875,2737.5381225214655,2654.2380502201972,2714.0578356188767,5240434
2022-06-20,2731.964599609375,2755.0938684218168,2693.869560234665,2715.813756717515,1502769
2022-06-21,2819.346435546875,2841.9928891984864,2743.375584391192,2747.4134022673966,2964461
2022-06-22,2829.001220703125,2853.2276936996004,2793.934445747104,2808.7686333964803,3336315
2022-06-23,2904.3583984375,2912.433820057707,2829.0019403695915,2829.0019403695915,3692578
2022-06-24,2890.5771484375,2936.1332102856513,2876.883885414416,2930.8666036304303,2132118
2022-06-27,2909.537109375,2951.845477755388,2902.3394557167258,2940.5223579770245,2037686
2022-06-28,2912.56494140625,2922.9665748470584,2872.5827922794106,2902.7779168225893,1400046
2022-06-29,2888.29541015625,2925.60054765257,2871.1789353049976,2871.1789353049976,2133994
2022-06-30,2867.755126953125,2906.2011833020665,2857.1340513652553,2872.0561032464257,2719603
2022-07-01,2909.888916015625,2925.600878216907,2854.545598216891,2861.5238112772627,1502879
2022-07-04,2839.623046875,2912.3899190179127,2830.8453680013654,2907.16724294786,2622535
2022-07-05,2823.164794921875,2872.0564215860604,2814.9575797580337,2857.134368050925,2170627
2022-07-06,2862.181396484375,2868.9840970357063,2810.8319794194863,2825.095706381955,2182144
2022-07-07,2885.969482421875,2913.6628902111784,2865.9563300088125,2871.1790065280893,1989921
2022-07-08,2866.307373046875,2901.0231390991876,2852.7459007783236,2896.6342992518366,2136916
2022-07-11,2733.19384765625,2830.80159948252,2726.34721488146,2814.2555881350117,6974600
2022-07-12,2707.650390625,2752.8554340083,2703.7443666293075,2734.158936312343,3734815
2022-07-13,2667.3173828125,2729.8583498303165,2664.025752969457,2724.591742081448,3863530
2022-07-14,2639.154541015625,2690.419485413844,2611.2118460002866,2689.539400531471,4764908
2022-07-15,2635.502197265625,2665.688935952516,2598.8905812888142,2656.580186606266,4574806
2022-07-18,2696.139892578125,2707.976990638422,2652.839761660094,2660.4964567532797,3202795
2022-07-19,2705.600830078125,2709.7371858696033,2666.701122969062,2666.701122969062,1865074
2022-07-20,2785.29248046875,2791.5850009840688,2726.54681875147,2735.1276457438817,3402251
2022-07-21,2796.293701171875,2802.1902268295585,2767.0308792365477,2787.228784035556,2420640
2022-07-22,2790.748779296875,2813.630983100634,2766.5464483505916,2803.0699659604375,2075886
2022-07-25,2787.008056640625,2804.3456812183285,2771.4746485626424,2785.4679085079583,1797504
2022-07-26,2742.2568359375,2788.901342134687,2725.1832724450874,2785.205028012717,2639367
2022-07-27,2806.458251953125,2811.078696744049,2737.0634856712804,2741.4639092816847,1389808
2022-07-28,2869.5166015625,2872.5968984818282,2817.7235231303016,2830.3528264453307,2106333
2022-07-29,2905.9521484375,2919.5055843641176,2882.277951362933,2895.4792244226105,2430257
2022-08-01,2903.223388671875,2928.0417337033286,2878.756991567054,2928.0417337033286,1306913
2022-08-02,2897.063720703125,2915.6333844814667,2879.3298798012397,2895.4795247987254,1269114
2022-08-03,2939.043212890625,2947.4040185568806,2884.0819596679717,2886.678166875655,2895824
2022-08-04,2952.640625,2981.6393778391775,2910.748715052076,2948.284247964706,2150567
2022-08-05,2961.529296875,2972.0462668986875,2952.6844019677515,2958.1408845663077,1106933
2022-08-08,2969.802001953125,2973.7183361972407,2935.9627856015595,2961.485243869679,1068836
2022-08-10,2952.024658203125,2979.0872677998295,2935.0830245531556,2979.0872677998295,1878359
2022-08-11,3012.09033203125,3017.5468150068145,2970.3303498018386,2992.2884233473337,1449248
2022-08-12,2993.653076171875,3009.010515943408,2975.7873082871156,3009.010515943408,1472354
2022-08-16,2985.8642578125,3005.358268967292,2981.287858906045,3001.969855860818,839942
2022-08-17,2993.25634765625,3008.085646866667,2966.853804993196,2979.1749915692876,1622326
2022-08-18,2975.78662109375,2985.2475323475046,2958.844989313771,2983.4873628119226,1430659
2022-08-19,2979.7470703125,3011.2101014765467,2966.98584088932,2980.8471762972567,1398410
2022-08-22,2952.28857421875,2978.295123607797,2945.995838840667,2961.4854176096087,1536532
2022-08-23,2890.726806640625,2941.155497044556,2877.877481785338,2921.837677410358,1849256
2022-08-24,2864.984375,2911.3207575810075,2860.451808988953,2897.2393996241462,1691923
2022-08-25,2832.289306640625,2885.0503557407283,2829.2530565751263,2883.158259068392,1946930
2022-08-26,2835.809326171875,2866.4363215518924,2831.05695398552,2846.4584386730107,1457962
2022-08-29,2756.909423828125,2765.8421977619005,2711.5410136837368,2750.2647412404017,2539173
2022-08-30,2826.084228515625,2839.5936161841482,2765.314544774919,2776.6675527850575,3431525
2022-09-01,2756.16162109375,2807.4706096920486,2746.7447563789606,2807.4706096920486,3546935
2022-09-02,2755.017333984375,2783.708184014529,2746.1286065456165,2783.708184014529,2052900
2022-09-05,2757.657470703125,2770.4627467931514,2739.043764179659,2749.076644387517,2147912
2022-09-06,2752.069091796875,2764.214304458055,2733.851380237327,2759.505765046165,1936453
2022-09-07,2771.9150390625,2782.73990969169,2730.022918646201,2730.022918646201,1291534
2022-09-08,2789.560791015625,2801.7500518374727,2781.156152794095,2789.868906651418,1346113
2022-09-09,2831.804931640625,2845.754362458832,2788.548847209157,2811.8710957340245,1561185
2022-09-12,2854.0712890625,2877.701654619494,2838.273808049508,2851.3869871393563,1785928
2022-09-13,2842.101806640625,2872.1125680484006,2838.2733519875155,2872.1125680484006,1972678
2022-09-14,2746.216552734375,2764.698333727928,2740.408121912217,2759.065876894723,5090269
2022-09-15,2732.09130859375,2761.4860546857367,2728.2628538047275,2754.6653975512245,2138023
2022-09-16,2647.910888671875,2723.290274842963,2640.254194480768,2707.140634074281,5322221
2022-09-19,2665.600830078125,2677.2179062249493,2629.5173540244687,2671.93739753417,2072220
2022-09-20,2675.722412109375,2710.6176956785125,2666.6574938274252,2684.259193456649,1544295
2022-09-21,2641.310546875,2676.6899140420137,2638.626245172588,2664.896863274496,2253818
2022-09-22,2646.766845703125,2666.612800197156,2622.0365926375753,2631.4534566835873,2017983
2022-09-23,2624.456787109375,2660.0561724828663,2621.7724856332366,2643.774604512334,2652374
2022-09-26,2635.325927734375,2663.0047675160854,2575.216305765953,2604.9191687641182,2925489
2022-09-27,2655.6123046875,2662.256989071138,2619.1328262729608,2648.52757782633,2227447
2022-09-28,2671.62939453125,2684.214650414333,2622.652760305555,2622.652760305555,2739767
2022-09-29,2637.878662109375,2689.4076788755,2631.4539990051267,2687.7794357731295,2493902
2022-09-30,2644.2587890625,2657.5919876362846,2596.338215395767,2632.2016704566418,2817353
2022-10-03,2627.00927734375,2658.4723112978595,2617.372391035595,2635.8541732184285,1763331
2022-10-04,2720.474609375,2726.5032774546157,2660.496903726696,2666.613451385917,2145875
2022-10-06,2729.978759765625,2749.3846708538535,2721.617954908675,2737.943569470659,1790816
2022-10-07,2697.371826171875,2732.663312710145,2691.387421404363,2725.9745822630443,1939879
2022-10-10,2744.58837890625,2752.02505217605,2644.6547111573486,2649.0551349695907,3064063
2022-10-11,2701.46435546875,2767.8667110161023,2687.2070246042927,2728.2628948012457,4730645
2022-10-12,2728.923095703125,2736.97578612618,2694.8638550176415,2714.9736648998382,1665247
2022-10-13,2731.1669921875,2737.063516919874,2686.326718058436,2728.9227331476845,2054781
2022-10-14,2727.514892578125,2772.267293403134,2702.7405898542934,2767.866869127891,2245977
2022-10-17,2745.691162109375,2760.3824097080633,2710.1319147726804,2711.1907065546616,1517005
2022-10-18,2774.765380859375,2784.1626709744187,2760.515312292103,2779.4419453117853,1793722
2022-10-19,2754.60400390625,2787.383691123662,2745.9126453867793,2787.383691123662,1194289
2022-10-20,2785.883544921875,2788.2658809132267,2739.735936783408,2739.735936783408,1587601
2022-10-21,2768.32421875,2788.6185576972553,2759.1477342638077,2786.324544285981,1021913
2022-10-24,2789.765380859375,2804.147932217598,2783.853595389088,2797.17735486645,260949
2022-10-25,2790.118896484375,2809.663142136303,2780.45685356415,2806.3542823473385,2069643
2022-10-27,2785.971435546875,2800.618740078452,2765.6331510594896,2788.8832750526153,2438421
2022-10-28,2791.13330078125,2804.589329497575,2775.0301844485994,2779.4419971424763,1355739
2022-10-31,2817.51611328125,2822.678020775369,2803.971976319488,2822.678020775369,1919414
2022-11-01,2876.237060546875,2878.7960411046947,2826.604168845417,2836.3543177659885,2991060
2022-11-02,2860.3544921875,2885.325394187665,2843.0161551154115,2885.325394187665,1405955
2022-11-03,2829.516357421875,2848.3107244829384,2819.1485965425713,2848.3107244829384,1422652
2022-11-04,2838.913330078125,2841.251720209756,2793.692247035101,2838.5604712079626,1464013
2022-11-07,2853.29541015625,2861.3249946157302,2819.2363488543742,2849.1483497272793,1474498
2022-11-09,2837.7216796875,2867.5014111081446,2825.0155316957184,2867.5014111081446,1162267
2022-11-10,2828.54541015625,2845.6192115940316,2797.0892715513423,2797.0892715513423,1573092
2022-11-11,2925.86962890625,2948.5023542732615,2872.133843597439,2884.972259916198,3265394
2022-11-14,2943.120361328125,2955.0322560599284,2919.7377531508814,2932.973191741774,1342074
2022-11-15,2940.561279296875,2947.046514255534,2904.7372765347063,2930.3257883875335,1400708
2022-11-16,2960.635498046875,2971.708976572207,2930.7232760284523,2946.1204606366173,1748235
2022-11-17,2955.031982421875,2964.7379698230816,2927.4581545775386,2947.090720002706,1417986
2022-11-18,2950.134521484375,2967.164158878597,2930.325528699969,2955.9140382851238,1164540
2022-11-21,2897.2373046875,2941.531859652826,2887.9724983225788,2931.6494426143504,1304194
2022-11-22,2924.987548828125,2928.5169988553193,2872.3105502563512,2894.1490222996185,1149739
2022-11-23,2919.119873046875,2938.267096023946,2903.8549588633055,2938.267096023946,1150011
2022-11-24,2982.517333984375,2993.811616370863,2919.1197215276015,2926.134459885213,1296591
2022-11-25,2990.89990234375,3002.9884406892334,2954.1495911194506,2985.0322780039132,1588981
2022-11-28,2995.84130859375,3015.0326931639333,2969.6351851613313,2970.0322052062625,2195437
2022-11-29,2997.6943359375,3025.6210229911208,2985.0323478503824,2985.0323478503824,1576028
2022-11-30,2991.914794921875,3013.179601826006,2977.9734243991,2985.0323243680464,3410702
2022-12-01,3066.783935546875,3070.6222995895973,3017.68053580357,3022.0923494524054,2180856
2022-12-02,3034.577392578125,3060.827681164754,3011.5036956693657,3051.2983369722797,2411749
2022-12-05,3022.885986328125,3034.5772909373013,3006.2094191292977,3029.1508470416434,1475065
2022-12-06,2987.10546875,3007.0467286144403,2971.7963958041287,3000.0761522152834,1166999
2022-12-07,2982.914794921875,2994.473614579414,2959.4438659290595,2972.0616929376706,1167505
2022-12-08,2956.39990234375,2982.9149402110297,2946.605591813029,2964.7381854060955,1285619
2022-12-09,2905.399169921875,2977.1794466521255,2890.928510850785,2977.1794466521255,1797896
2022-12-12,2899.83984375,2908.266447688295,2855.41302650925,2872.530770767368,1527610
2022-12-13,2940.120361328125,2943.958509197416,2883.3844058485947,2891.6785277132994,1378016
2022-12-14,2969.458984375,2979.73842222779,2947.88504703309,2954.8558406430157,1213311
2022-12-15,2916.296630859375,2968.9294722548675,2910.869971774407,2963.6794580212227,1415694
2022-12-16,2859.074951171875,2904.7372083196706,2845.795353110489,2889.7370465513122,2703680
2022-12-19,2825.369140625,2863.707751618169,2818.7072600660117,2847.384043898269,2120965
2022-12-20,2862.339599609375,2866.7955730239714,2791.485852458228,2822.589128527509,1529971
2022-12-21,2884.0458984375,2896.8401542703996,2858.854406799651,2866.7956690407614,1432566
2022-12-22,2876.237060546875,2906.502138037383,2863.3546970197967,2906.502138037383,1384101
2022-12-23,2848.5751953125,2882.54615313989,2838.56029430426,2838.56029430426,1360281
2022-12-26,2870.237060546875,2887.09027146601,2845.6633927147495,2848.575232221792,870157
2022-12-27,2876.060546875,2888.6783736131365,2851.354397062912,2884.6194199757956,835883
2022-12-28,2873.943115234375,2881.884378094464,2846.501554071851,2867.5018256081944,910795
2022-12-29,2884.22216796875,2886.6486646301387,2848.2658992590823,2851.0013089364893,1037927
2022-12-30,2873.58984375,2910.9138197149614,2864.325037715745,2899.487268690152,1163131
2023-01-02,2877.781494140625,2882.5463814916634,2854.619475605265,2877.3844740498453,709547
2023-01-03,2921.811279296875,2929.443629089992,2863.531190519576,2869.4429764459805,1245178
2023-01-04,2924.72314453125,2935.929322035629,2899.6199713139727,2917.708404852759,1231668
2023-01-05,2921.591064453125,2944.7089228612836,2895.8700638839987,2938.4440618611807,1826057
2023-01-06,2833.751708984375,2913.1643446061225,2823.5603776621383,2911.7966394640803,2488376
2023-01-09,2929.399169921875,2935.619868272381,2842.221716863226,2849.1483482571443,2885060
2023-01-10,2899.79638671875,2910.031879132558,2850.119544259817,2898.5611652366442,3864655
2023-01-11,2937.1201171875,2955.473300937228,2886.3401103867363,2903.061052704587,2720512
2023-01-12,2942.10595703125,2955.9148461892505,2925.5174963028508,2937.385230735527,2250391
2023-01-13,2977.576904296875,2981.5033749797517,2916.2085393039592,2949.649997353469,1742837
2023-01-16,3008.7099609375,3025.8107560710764,2976.222878557972,2993.323673691548,1843607
2023-01-17,3048.73193359375,3051.800290054043,2996.9331766913624,3005.0549468178974,1688475
2023-01-18,3059.2001953125,3076.3009900989787,3043.182259186601,3050.1760059457965,2421189
2023-01-19,3043.94970703125,3056.4932433752856,3033.030348681528,3050.176310188505,1585044
2023-01-20,3034.92529296875,3063.3964349074176,3028.157150767711,3036.6398008661617,1529349
2023-01-23,3081.6708984375,3085.370904876736,3028.157622026946,3057.3959127588128,1067916
2023-01-24,3100.982666015625,3115.1054362054274,3083.8367038420397,3090.78528655422,1387863
2023-01-25,3095.07177734375,3099.809477418407,3072.7369055632244,3091.056056581995,874110
2023-01-27,3078.1962890625,3109.7357881786565,3052.251743528508,3091.6874086767493,1785879
2023-01-30,3098.5908203125,3120.9708549193124,3055.1845998762938,3086.272889450756,1953798
2023-01-31,3030.95458984375,3112.4430679566062,3024.0060077479234,3112.4430679566062,2820375
2023-02-01,3075.759521484375,3085.3701945661082,3027.615385425356,3034.83473656795,2205161
2023-02-02,3122.730712890625,3130.49160464965,3086.3634023563964,3092.5900055158118,1813847
2023-02-03,3142.49365234375,3162.0761001103447,3115.9624021902155,3162.0761001103447,1804469
2023-02-06,3122.32421875,3134.236104127505,3101.478474418645,3134.236104127505,1138714
2023-02-07,3133.695068359375,3152.149492409252,3123.632964557196,3130.4011068970385,1455647
2023-02-08,3176.605224609375,3194.4729446376878,3138.658461421749,3138.658461421749,1986946
2023-02-09,3195.33056640625,3201.421894965321,3163.249525265047,3172.0029459457633,1655427
2023-02-10,3192.352294921875,3196.683950073236,3165.8210448180002,3176.5147978181903,1187821
2023-02-13,3142.58349609375,3202.684683091803,3134.4617259760194,3202.684683091803,1087939
2023-02-14,3158.556640625,3180.8915095356965,3153.9542158741274,3162.978405332995,1579818
2023-02-15,3177.100830078125,3181.928859043276,3122.504489757048,3146.7345239602673,1429449
2023-02-16,3210.8515625,3226.147518559538,3182.831412016641,3183.011851730481,1618931
2023-02-17,3159.503662109375,3193.569973627424,3149.441780079229,3182.064133313381,1061369
2023-02-20,3147.005859375,3178.319754975871,3135.951226496393,3160.2713747659004,1296082
2023-02-21,3114.24755859375,3166.4975236812143,3108.607440587024,3153.0515704800237,1139541
2023-02-22,3069.623291015625,3110.6381891326687,3063.712402699568,3081.715617084995,1218430
2023-02-23,3080.677734375,3115.510972284333,3075.443660607491,3087.1751064959585,1441570
2023-02-24,3068.63037109375,3098.861404900383,3052.2515558298396,3088.5287523343754,977592
2023-02-27,3006.724853515625,3059.2004305919913,2992.4214241424907,3059.2004305919913,1128022
2023-02-28,2989.57861328125,3061.004982816527,2977.8921119899733,3003.701381280899,4116217
2023-03-01,3055.3203125,3058.298339602881,2991.5193259910147,2998.7386788139193,1669307
2023-03-02,2997.33984375,3041.0620046165113,2994.2265419515475,3033.0305628388037,1556538
2023-03-03,3016.019775390625,3030.3232056286283,3006.0482210242776,3026.713529386069,1043190
2023-03-06,3042.8212890625,3072.691222785889,3031.2251179450036,3033.8420446565137,1334132
2023-03-08,3059.561279296875,3064.614913806922,3005.8224042793245,3035.7375059029696,1844590
2023-03-09,3011.236572265625,3054.6879538516177,3005.8220589057696,3054.6879538516177,1648500
2023-03-10,3005.9580078125,3011.598127160692,2968.9588248883592,2989.6241340532706,1024404
2023-03-13,2961.694091796875,3040.97169171865,2952.7150665107374,3007.762627347276,1901233
2023-03-14,2901.23193359375,2981.9532694589166,2896.2234640568317,2959.9343338825,2670334
2023-03-15,2886.748046875,2942.2018705999863,2880.521443910695,2932.8617458363906,1780522
2023-03-16,2874.204833984375,2905.6090627331,2862.4733856823977,2894.960473287873,1901060
2023-03-17,2869.060791015625,2907.0524989935184,2837.2053560273353,2843.0710795687405,6739966
2023-03-20,2836.573486328125,2860.3520931076205,2793.031772654829,2860.3520931076205,2289468
2023-03-21,2803.00341796875,2848.7108468749984,2795.1973623365025,2836.5733568003143,1815297
2023-03-22,2825.293212890625,2836.753889168361,2803.003509518878,2824.616398697249,1123939
2023-03-23,2819.7431640625,2839.3258306983194,2798.4010449295647,2810.9445796742175,1372218
2023-03-24,2815.998779296875,2860.6685243938773,2802.9137024502784,2841.6273934074825,1329577
2023-03-27,2817.622802734375,2845.1014163917093,2802.9133294148437,2829.083479625092,1524217
2023-03-28,2811.847412109375,2842.2139451414596,2806.6585026044622,2821.8643516283278,1303530
2023-03-29,2832.6025390625,2842.619476774167,2801.1985382394446,2823.6686802623394,1740616
2023-03-31,2893.06494140625,2899.472204338833,2844.424646148771,2878.671402631456,2382581
2023-04-03,2887.74072265625,2910.256032039784,2864.0522245407105,2910.256032039784,1521830
2023-04-05,2923.656982421875,2945.8114118907883,2874.6555889687143,2874.6555889687143,2655065
2023-04-06,2906.420654296875,2939.4944408464216,2901.276910369909,2910.301099826736,1703464
2023-04-10,2944.953369140625,2952.714258803434,2901.27638815802,2905.7884820742843,2203187
2023-04-11,2900.194580078125,2953.5725823132193,2880.657074154327,2945.4959753413264,2348779
2023-04-12,2925.32666015625,2942.7433920921726,2886.838575342086,2912.9635630873936,2417727
2023-04-13,2877.678466796875,2914.8129147197915,2869.6919717674728,2896.764537538864,4174070
2023-04-17,2833.144287109375,2854.7120118386847,2770.6517749633886,2828.2713129172603,5505048
2023-04-18,2825.248291015625,2848.801515098883,2807.064636248936,2847.086786804494,2617302
2023-04-19,2788.113525390625,2833.595349886156,2771.7796551513784,2825.2479750497077,3298034
2023-04-20,2801.830322265625,2809.230113386837,2777.6454510133904,2788.4744781128575,2419999
2023-04-21,2852.410888671875,2855.659464544931,2798.2205892743714,2806.5227991505576,1929184
2023-04-24,2865.000244140625,2870.5500335589504,2821.0974221009633,2843.612955225027,1640676
2023-04-25,2866.082275390625,2879.79899788449,2840.3633380957153,2872.399207357796,2024090
2023-04-26,2886.071533203125,2895.321328903337,2870.595133890123,2870.595133890123,2000029
2023-04-27,2876.86669921875,2887.0189132942296,2861.2548059548058,2874.204607146831,2434446
2023-04-28,2905.112060546875,2912.3314117884297,2884.356425727405,2888.1013760571154,2931312
2023-05-02,2905.24755859375,2919.325382723846,2896.7649083596743,2919.325382723846,2321159
2023-05-03,2869.60205078125,2902.1794643631756,2863.510722614443,2902.1794643631756,2468285
2023-05-04,2906.420654296875,2909.804725343185,2867.8874093796485,2869.827521986016,1953253
2023-05-05,2915.444580078125,2927.4467950336384,2896.8097186619816,2905.788742296028,1710027
2023-05-08,2933.4033203125,2937.2386011027506,2915.9865893662864,2928.349685732607,928235
2023-05-09,2962.8671875,2976.177867775832,2929.2520796847634,2935.208133223178,1107375
2023-05-10,2966.070556640625,2983.848165339088,2947.345364010718,2968.9582531273554,1559987
2023-05-11,2961.874267578125,2986.7359537053417,2952.714803365684,2986.1043045039883,1719623
2023-05-12,2954.79052734375,2968.9584613481547,2941.8858917917887,2959.1671272317485,1027479
2023-05-15,2937.4189453125,2970.7632825646147,2931.372782209103,2963.5439307236315,1150390
2023-05-16,2940.2158203125,2964.445854004029,2933.267239390887,2938.4561476589306,986306
2023-05-17,2895.591552734375,2959.9340659758723,2886.161319057114,2938.2308468250335,1588815
2023-05-18,2887.60546875,2913.865728945654,2883.228648558824,2911.1584719986504,1369364
2023-05-19,2908.361083984375,2918.8741769245094,2890.4931442019483,2896.764912019686,1152449
2023-05-22,2976.80908203125,2985.6076660126437,2903.1266694318583,2914.8129497334676,1333243
2023-05-23,2975.320556640625,3003.2052151323046,2969.048788762343,2983.397162487744,1687418
2023-05-24,2981.005615234375,2993.5039850346407,2956.324369747154,2956.324369747154,1016555
2023-05-25,2972.116943359375,2983.3971807335947,2948.293170151878,2972.5681528543437,1374917
2023-05-26,3004.062255859375,3012.8608403328844,2969.8606669045807,2972.1167142054805,1791115
2023-05-29,2996.346435546875,3042.956279759773,2988.811150226681,3032.849232977015,1210372
2023-05-30,2992.6015625,3002.302565838326,2979.200773799653,2991.5187038651916,1344224
2023-05-31,2968.507080078125,3002.9794392550057,2946.5330909329136,2986.1042492714746,5815424
2023-06-01,2999.640625,3014.0793283694343,2975.7265225443743,2990.6164353941035,1177314
2023-06-02,2983.036376953125,3010.379496788302,2975.6815298082374,3001.671241441304,2030661
2023-06-05,2967.965576171875,3002.347826057909,2964.491395428479,2991.518798732182,1861468
2023-06-06,2916.888671875,2967.920505036819,2906.3304147456515,2959.9340095974917,2022849
2023-06-07,2955.33154296875,2958.896273847872,2924.739630639355,2935.5686573495286,1567196
2023-06-08,2920.63330078125,2950.9094957876887,2917.5199999637916,2942.787726533227,1759366
2023-06-09,2896.13330078125,2932.8617095107734,2892.5687898438873,2928.3496145730646,1775689
2023-06-12,2930.063720703125,2936.8318621815274,2897.6669716200145,2901.2766470751626,2324605
2023-06-13,2927.176025390625,2946.3975912591977,2922.9347007928154,2941.88549693874,1371928
2023-06-14,2933.8095703125,2938.141225924814,2911.0686537442966,2927.176702001411,1658544
2023-06-15,2924.0361328125,2952.3554558246337,2918.3085669348598,2950.4009142583286,2273810
2023-06-16,2886.398193359375,2908.671889511213,2869.2157165388,2906.490065201059,4156189
2023-06-19,2918.67236328125,2922.763450383881,2886.4892335228265,2900.126190531596,1468186
2023-06-20,2934.39990234375,2938.76377229002,2910.171667991738,2921.9448612962487,1528452
2023-06-21,2962.128662109375,2965.0378350347974,2930.990945518115,2954.6738371268343,1645987
2023-06-22,2944.218505859375,2970.719565585934,2936.5819000456095,2963.7648075039565,1529603
2023-06-23,2924.081787109375,2954.1283706652703,2917.5358703597485,2943.128025485959,1119505
2023-06-26,2899.8076171875,2921.8540288219324,2884.670685198081,2913.762857251765,1978803
2023-06-27,2906.80810546875,2917.9902315635795,2893.1256488765357,2911.035472947951,863542
2023-06-28,2923.263427734375,2937.354949548723,2903.2170571492807,2916.490450350226,1575872
2023-06-30,3002.17529296875,3009.221052230014,2922.0355522180453,2927.3993317766294,2672406
2023-07-03,2974.947509765625,3017.2220741820643,2971.720052392161,3013.130987303054,1687264
2023-07-04,3008.175537109375,3013.7665990312144,2979.492435041198,2991.0383441365598,1656681
2023-07-05,3018.267822265625,3026.4954978539936,3004.676365397251,3018.313323182715,1453008
2023-07-06,3020.949462890625,3025.9951812448,3001.9487253976645,3006.085313308048,1848238
2023-07-07,3026.72216796875,3051.8595329506525,3001.9483663386086,3001.9483663386086,1789326
2023-07-10,2974.629150390625,3022.6312796193856,2968.4925202267236,3022.6312796193856,1407431
2023-07-11,2975.0380859375,2995.58452074979,2964.4923069892843,2995.58452074979,1110172
2023-07-12,2963.673828125,2990.2658898660156,2954.7645285933795,2982.811065666501,1515240
2023-07-13,3036.995361328125,3061.4508783669453,2975.356280703942,2985.583996893055,4585146
2023-07-14,3195.27490234375,3204.548209497131,3047.4049393977743,3059.223633971811,6306101
2023-07-17,3174.41064453125,3227.3219906075915,3161.0919726546085,3191.047775615765,2743228
2023-07-18,3179.0927734375,3203.775575367843,3150.1368810015824,3160.1373155444444,2600090
2023-07-19,3154.727783203125,3197.2751275399046,3132.5448697161914,3181.9561925165294,2405370
2023-07-20,3156.77880859375,3170.9979886535184,3131.940584552698,3147.4816096060504,1715404
2023-07-21,3070.18701171875,3130.892412746542,3061.755687476042,3102.772940548675,3770223
2023-07-24,3094.295654296875,3111.3405552900845,3073.6503948838067,3081.762606135278,1680132
2023-07-25,3098.30615234375,3105.2792181395616,3081.0333776826646,3096.8022755718303,1272980
2023-07-26,3088.416259765625,3118.0854444919646,3085.408283992545,3099.3998108666033,1066803
2023-07-27,3096.255615234375,3109.700159270894,3085.454538799316,3094.4782454445894,1701769
2023-07-28,3058.428466796875,3093.3387496319633,3036.1880906607657,3085.408792220562,2599831
2023-07-31,3118.632568359375,3123.3722948817326,3063.4415361987367,3066.6317666989726,2743678
2023-08-01,3146.5244140625,3153.770750326194,3112.753500683223,3112.753500683223,1956167
2023-08-02,3136.13330078125,3141.374393886134,3111.477553853232,3130.937826905583,1914899
2023-08-03,3099.03515625,3129.387962469289,3069.912956410563,3117.310662388398,2026351
2023-08-04,3138.77685546875,3163.7973343932103,3100.220594527487,3100.220594527487,2248493
2023-08-07,3175.692626953125,3179.2929859139754,3136.680615761602,3148.256552023698,1853889
2023-08-08,3163.4326171875,3181.06990066204,3150.67169533121,3175.6921726071587,1634225
2023-08-09,3156.0498046875,3160.1515300654332,3121.9143791043803,3158.2373025425936,1794589
2023-08-10,3137.455322265625,3158.237218937404,3126.4717689822373,3144.656039836463,1096701
2023-08-11,3143.561767578125,3159.831808251447,3111.841719602854,3133.8088225124093,1679974
2023-08-14,3144.519287109375,3149.213394617888,3109.1076379281085,3136.178979187144,1190425
2023-08-16,3152.312744140625,3159.2401919127215,3131.1661145409134,3144.656278735975,1328445
2023-08-17,3131.66650390625,3154.499480355717,3111.112263179629,3149.2127689721588,1843241
2023-08-18,3069.09326171875,3108.1962872876197,3059.431330874163,3108.1962872876197,2526749
2023-08-21,3100.5849609375,3107.968154886351,3073.559239908139,3076.2937232176655,1375579
2023-08-22,3082.810546875,3109.1072480565263,3067.224126908382,3099.0808101413627,1222012
2023-08-23,3097.486083984375,3100.9041882483175,3077.2053320183186,3088.143265662933,1330046
2023-08-24,3087.915283203125,3110.9761369975763,3079.1194508870794,3106.3730455778173,1152881
2023-08-25,3082.035888671875,3086.1376132448922,3053.7339446114943,3076.2934297630904,1158046
2023-08-28,3076.795166015625,3093.6121942799687,3062.712621128665,3093.6121942799687,1037485
2023-08-29,3077.342041015625,3089.556200731551,3067.178966440109,3081.8084975473785,944517
2023-08-30,3090.83203125,3106.464294438142,3083.6313141767887,3097.2581115677926,1188200
2023-08-31,3059.70458984375,3114.941019553153,3047.7183044022304,3099.9925997056025,3417652
2023-09-01,3080.121826171875,3089.0545157816123,3059.7044406634573,3068.0901446211,1277950
2023-09-04,3115.943603515625,3129.023637156642,3071.7817443830672,3079.028080349797,1828332
2023-09-05,3125.833740234375,3141.921529082659,3103.7753953952833,3117.311177679923,1501842
2023-09-06,3126.334716796875,3139.095639063221,3097.349371389577,3130.071933045149,1314818
2023-09-07,3149.441162109375,3153.770760697037,3119.407464834157,3127.1551675699734,1885092
2023-09-08,3137.272705078125,3158.3283161992513,3131.029101522507,3149.441245179643,1518917
2023-09-11,3172.593017578125,3177.1961089834826,3140.098329969077,3155.5937353709564,1783604
2023-09-12,3263.87939453125,3272.173860566186,3174.7351921738095,3182.9386422827856,4476016
2023-09-13,3252.07568359375,3271.2170677568156,3231.247945622234,3255.0380406666054,1754929
2023-09-14,3244.966064453125,3279.283743631725,3231.79501333232,3254.081009523971,2604721
2023-09-15,3279.830322265625,3288.079391037457,3247.153159229306,3252.0753624763356,2952897
2023-09-18,3286.985595703125,3298.971881144957,3258.820506435336,3263.195724267092,1395753
2023-09-20,3286.89453125,3304.167306178493,3263.1500568604156,3263.1500568604156,1649396
2023-09-21,3267.981201171875,3285.937597907689,3215.752523000923,3270.943558229628,2004073
2023-09-22,3284.706787109375,3312.1428582437647,3249.52323591542,3266.796010717758,1989083
2023-09-25,3260.552001953125,3299.6096247844835,3243.689356080608,3283.6584732834535,1238778
2023-09-26,3268.345458984375,3276.7767822705646,3223.0442313478416,3251.847543695411,1726062
2023-09-27,3271.627197265625,3294.141066523065,3241.0008935775677,3272.2651988981193,1541134
2023-09-28,3223.72802734375,3283.9322808574702,3215.160068443675,3281.38005186612,1755753
2023-09-29,3216.299560546875,3252.6224826131343,3195.289567953573,3224.138279675587,2243791
2023-10-03,3202.855224609375,3221.404005246326,3172.0922834404655,3221.404005246326,1948148
2023-10-04,3224.6396484375,3233.982467007632,3169.5398507426544,3177.7433011944777,1788138
2023-10-05,3271.672607421875,3303.2558002739493,3236.8989615455466,3239.4511904452584,2990768
2023-10-06,3300.8857421875,3313.236535855373,3258.63811012588,3273.176401347944,2075691
2023-10-09,3316.336181640625,3353.3883449301275,3309.636607893801,3322.443150428711,4233074
2023-10-10,3307.72216796875,3325.13180122624,3282.610673537835,3317.885464751515,1848148
2023-10-11,3290.40380859375,3326.954825968897,3285.937574689828,3326.954825968897,2426417
2023-10-12,3229.014892578125,3271.0346556007717,3224.958786550778,3258.5928446615626,4241281
2023-10-13,3254.81005859375,3260.4156604701616,3213.0179488837907,3217.575421151711,2890357
2023-10-16,3212.152099609375,3258.2735858136334,3207.6402465342494,3250.3892477395666,1671104
2023-10-17,3196.656494140625,3221.3578589700005,3193.2840093522973,3217.5752462064243,1672065
2023-10-18,3178.60888671875,3210.9213191020513,3175.646529881174,3200.2568789933416,1408245
2023-10-19,3157.95556640625,3177.3294256477784,3154.5286181595566,3170.612517840815,1514545
2023-10-20,3193.5048828125,3198.0284103099434,3147.3553086674356,3153.158141056141,1481211
2023-10-23,3116.375244140625,3179.248365587948,3108.2877801873806,3173.810985687688,1106272
2023-10-25,3098.052734375,3129.946110609001,3086.2638983706042,3098.418186283159,1518537
2023-10-26,3049.298828125,3083.065649974906,3043.1303207181386,3077.9024700555783,1984471
2023-10-27,3062.275390625,3072.3735099895516,3049.5271870419792,3061.407274974717,1108851
2023-10-30,3087.49755859375,3091.42717042924,3046.5569067215974,3061.407015378283,910972
2023-10-31,3078.542236328125,3106.1862890625,3061.4532301686027,3106.1862890625,999811
2023-11-01,3043.724365234375,3081.146823579833,3025.7672432636564,3065.976774735599,1563475
2023-11-02,3070.637451171875,3085.1218868690776,3055.193202126613,3055.193202126613,1245384
2023-11-03,3062.2294921875,3096.0420483703,3056.198197111951,3090.6504056818926,1402598
2023-11-06,3089.051025390625,3100.0629966023776,3069.631652773348,3084.253298038121,1099852
2023-11-07,3080.095703125,3110.8925036423684,3076.0291020236123,3086.99533768145,1191144
2023-11-08,3090.23974609375,3108.8822585891467,3079.273509776776,3081.009741283504,992899
2023-11-09,3059.077392578125,3099.332664644226,3054.142675279032,3098.053359598878,2112352
2023-11-10,3046.282958984375,3059.076899811592,3036.139325479398,3050.441034374945,1338557
2023-11-13,3044.54638671875,3066.8900433965077,3040.3883117938562,3066.8900433965077,1030990
2023-11-15,3111.029541015625,3118.9800168000415,3066.936137613749,3091.6559037281313,2059802
2023-11-16,3196.520751953125,3225.307120972767,3120.076815913559,3134.5614749653105,3951984
2023-11-17,3200.72412109375,3220.874622639635,3191.6770664120663,3196.5205315189633,2021292
2023-11-20,3216.397216796875,3229.4651366518156,3190.4893941274177,3190.4893941274177,1475621
2023-11-21,3207.805908203125,3234.170649528775,3199.3985074468037,3216.3962579980093,1807236
2023-11-22,3226.037841796875,3228.3224741290987,3181.2135339255397,3198.485265113703,1798051
2023-11-23,3206.0244140625,3238.69465500962,3198.4851276900877,3225.9007144988595,2729804
2023-11-24,3159.28125,3202.643529603171,3155.5343635105573,3193.230799217134,1989733
2023-11-28,3171.20654296875,3181.350399374295,3137.25699707058,3159.2809411434473,1689195
2023-11-29,3211.050537109375,3214.9344118251956,3176.3698651510044,3181.121855475698,1441634
2023-11-30,3187.1533203125,3213.7005673797357,3181.121802199618,3197.9823428265554,3266235
2023-12-01,3209.1318359375,3213.975301516175,3189.3927447706055,3198.4855376057844,1172141
2023-12-04,3209.86279296875,3242.167584431117,3196.657662284584,3239.2888137345485,1625213
2023-12-05,3227.36328125,3233.21185109275,3201.0442707403495,3233.21185109275,1377656
2023-12-06,3293.617431640625,3301.613644771774,3221.468564387526,3228.276947197519,1896572
2023-12-07,3303.4873046875,3317.789238800285,3282.285958526859,3294.440248726415,1967653
2023-12-08,3314.2705078125,3330.9940617152665,3291.74412143969,3320.027826121142,1641155
2023-12-11,3329.07470703125,3338.304710750083,3303.5782998526,3310.797648664154,1102503
2023-12-12,3355.759521484375,3379.7936756866497,3318.2000758331174,3325.4651621953826,2236866
2023-12-13,3283.976318359375,3335.5632728478577,3256.058066070388,3329.6689659326335,3850968
2023-12-14,3351.32666015625,3361.150577695736,3315.0924861028857,3317.2856435659382,3290396
2023-12-15,3528.38623046875,3560.3253463636993,3350.824558139156,3350.824558139156,8531230
2023-12-18,3526.7412109375,3590.5281905815186,3500.1937384877283,3525.736106571666,2521612
2023-12-19,3487.445556640625,3522.9945699903956,3463.5026541544753,3513.7645660221524,2004435
2023-12-20,3454.40966796875,3562.9296988605265,3442.072653930527,3497.543479836221,2586083
2023-12-21,3461.21826171875,3478.764194819794,3420.8717407298955,3432.6603552689257,1517562
2023-12-22,3494.57373046875,3514.632758384625,3437.9148467634514,3472.6412593570217,2413058
2023-12-26,3468.574951171875,3503.7125559440015,3463.640010889861,3490.781624669307,1285231
2023-12-27,3482.876220703125,3489.2731911736523,3443.3978189924524,3471.727259647645,1293976
2023-12-28,3472.5498046875,3507.3676920200533,3465.4219300223085,3494.5737504650037,1682889
2023-12-29,3466.60986328125,3493.2945492321064,3441.0219794117156,3465.33055833123,1574996
2024-01-01,3482.784912109375,3501.884348671573,3447.9670270192705,3463.5025264784085,825907
2024-01-02,3457.2880859375,3482.7847145273954,3442.7121774818215,3482.7847145273954,1344068
2024-01-03,3373.716796875,3446.9165110740164,3369.421732416939,3442.4842348014154,1803075
2024-01-04,3350.915771484375,3398.6188470061647,3336.4768514169155,3382.8548848897744,3598144
2024-01-05,3415.89111328125,3424.8926547692495,3358.2728588729105,3358.409847582414,1963127
2024-01-08,3361.425537109375,3417.5817593808756,3356.0336705400387,3415.891042086117,1067805
2024-01-09,3372.025634765625,3429.0959253055153,3365.491675951761,3390.3484295340677,1370944
2024-01-10,3393.181884765625,3407.986258562806,3370.289822773917,3372.11752875156,1292227
2024-01-11,3413.7431640625,3447.966909732182,3387.6526197660214,3403.1881186966993,1777909
2024-01-12,3548.30810546875,3568.824058571868,3492.3803522837784,3516.505979741258,6813450
2024-01-15,3567.499267578125,3623.4270246995534,3550.318787126801,3618.8577598512566,2801505
2024-01-16,3528.66015625,3563.1123650684103,3523.4055022107223,3563.1123650684103,1432672
2024-01-17,3549.95361328125,3573.119654011733,3484.1104570374932,3490.0047645318223,3458696
2024-01-18,3566.40283203125,3572.068676049219,3529.3003107278364,3562.1990189583394,2239110
2024-01-19,3628.470947265625,3647.3354439110713,3602.704805505991,3630.2653300627285,2941975
2024-01-23,3550.43701171875,3620.051529496022,3536.17360896319,3588.8561772055014,2618854
2024-01-24,3535.299072265625,3573.8101208438484,3501.98717363284,3570.451409769425,2657709
2024-01-25,3506.3125,3552.9675849710666,3477.233473153438,3533.550863134138,2205154
2024-01-29,3497.754150390625,3515.2383200453005,3479.211818227295,3497.570151432114,1646747
2024-01-30,3497.340087890625,3540.820457055553,3484.871069366822,3503.6895122527035,1411621
2024-01-31,3511.51171875,3528.121726426989,3493.5674376687984,3507.140675922528,2459358
2024-02-01,3546.66357421875,3593.364709605868,3501.4809356666156,3515.2381710106256,2363107
2024-02-02,3649.866455078125,3666.522292350957,3563.089715877142,3565.896430136547,2826510
2024-02-05,3656.30810546875,3701.1227492201515,3646.0016922235036,3665.2341894937504,1691523
2024-02-06,3806.02734375,3818.8183032267325,3671.6753146911265,3678.1168503309354,4474396
2024-02-07,3757.624267578125,3823.512074540079,3748.92823811736,3821.6716355150297,2124267
2024-02-08,3804.27880859375,3826.2719606379724,3760.062225010696,3763.697046418785,2345173
2024-02-09,3803.9111328125,3850.8881536905233,3772.8995591447865,3806.533398655103,2100596
2024-02-12,3791.948974609375,3827.7454261378275,3778.007288616118,3800.506836908833,1013716
2024-02-13,3818.45068359375,3837.3151826933213,3755.875759751269,3796.3195851121786,1257415
2024-02-14,3772.991943359375,3786.6110118014235,3726.4287482560744,3779.3413678448446,1391283
2024-02-15,3775.8447265625,3815.505826442883,3757.2561134518432,3798.665989794075,1091582
2024-02-16,3798.942138671875,3817.024812052794,3772.99221729805,3785.0930143565315,1307556
2024-02-19,3776.396728515625,3798.942107006786,3731.49019516973,3794.110954472966,772291
2024-02-20,3709.08251953125,3771.059390745061,3690.0800773274027,3756.427991026826,1193648
2024-02-21,3673.055908203125,3739.1737650742916,3663.0256061355944,3692.8406262355356,1885939
2024-02-22,3761.02880859375,3768.25239610325,3654.1912461332404,3654.1912461332404,2982052
2024-02-23,3728.8212890625,3800.5062936958448,3723.5758585151752,3800.5062936958448,2538072
2024-02-26,3681.843994140625,3726.8886902919344,3665.0039336444943,3714.0056182761105,1379284
2024-02-27,3776.94873046875,3794.985122078048,3679.957687485479,3679.957687485479,2960475
2024-02-28,3790.337890625,3823.419508575245,3762.777139768197,3768.8506776946274,1939225
2024-02-29,3768.390625,3807.96005993707,3740.277876873748,3771.979390861673,3772719
2024-03-01,3767.70068359375,3809.708612609149,3760.752981650241,3779.5255936695676,2043265
2024-03-04,3755.1396484375,3789.371768720034,3750.722549928762,3777.5010270993284,1749271
2024-03-05,3692.0126953125,3739.7719968440197,3662.4735599013775,3737.931557869195,2070859
2024-03-06,3740.0478515625,3747.1334961978687,3642.6425356235145,3675.4024369976914,1744204
2024-03-07,3780.813720703125,3794.9850103625763,3715.570026925066,3740.692062833141,2688905
2024-03-11,3793.466552734375,3821.671187622541,3762.777145723229,3762.777145723229,2304068
2024-03-12,3857.790283203125,3892.482738841845,3792.270473640545,3793.4670286122573,4039801
2024-03-13,3817.990234375,3902.650417928266,3802.2543930015554,3869.5225200161185,2837260
2024-03-14,3871.915283203125,3887.9270110877537,3760.0165129714937,3822.0854919676153,2919608
2024-03-15,3882.6357421875,3900.8100755188275,3843.756472149597,3858.1119847979994,3373143
2024-03-18,3821.211181640625,3915.3036183228055,3789.3256682682727,3878.9549508514497,1526904
2024-03-19,3659.989013671875,3734.250681402964,3650.142710085243,3728.0391998604628,8931209
2024-03-20,3654.09912109375,3697.441544645537,3644.252818458466,3667.9945238818095,1817913
2024-03-21,3655.986083984375,3688.6078209191865,3633.0266519750294,3671.7219275853204,3829582
2024-03-22,3598.88623046875,3623.824267937054,3547.4460520308135,3586.095269718309,5852485
2024-03-26,3568.150634765625,3631.8297707294355,3562.583262601489,3565.850086322836,3440925
2024-03-27,3534.470703125,3584.254663932085,3523.888179726998,3578.273237663649,1968575
2024-03-28,3567.046875,3602.659324539871,3534.102972131641,3542.937169152786,4311783
2024-04-01,3604.26953125,3619.499208082045,3577.8592779642013,3586.73930579266,1569676
2024-04-02,3573.9482421875,3597.920003104046,3564.0098274803727,3579.653557681035,2142666
2024-04-03,3632.382568359375,3663.393921354347,3543.7653833548334,3543.7653833548334,3973090
2024-04-04,3683.914794921875,3707.2422246114506,3621.293812578453,3658.7006456486115,3394637
2024-04-05,3661.78369140625,3682.7186864378496,3644.529574621965,3660.6334169539646,1636819
2024-04-08,3655.617919921875,3710.9229755652163,3644.0691205793664,3665.2341685019233,2302538
2024-04-09,3631.6923828125,3695.4636403269888,3611.9076631803105,3666.1545588206272,1876992
2024-04-10,3666.752685546875,3671.8599489060657,3605.4201433160924,3640.756483645732,2101965
2024-04-12,3682.16650390625,3693.163307517169,3630.7263197194047,3654.191918795021,4354821
2024-04-15,3626.76904296875,3739.9560412971437,3606.3862709398386,3682.166211852168,4200329
2024-04-16,3563.825927734375,3615.2661050786087,3554.669789147579,3590.6962907179723,3051420
2024-04-18,3553.887939453125,3621.9841868688504,3542.8453047370613,3567.5072338688656,3476284
2024-04-19,3520.944091796875,3545.191967455498,3497.662491624287,3531.8027277109695,2957749
2024-04-22,3556.2802734375,3568.6111245390066,3507.876639180684,3530.8821260588365,1728883
2024-04-23,3565.573974609375,3584.2544728923376,3552.5990161933273,3567.7365800101834,1807586
2024-04-24,3525.40673828125,3587.015384991863,3519.3332000987416,3579.6536294557072,1317312
2024-04-25,3544.86962890625,3564.608292894232,3506.9566291988567,3507.1406281722816,2856271
2024-04-26,3516.48095703125,3567.507084546707,3499.1807851009403,3547.5841971159175,2039178
2024-04-29,3561.43310546875,3568.426862829934,3514.5019156929066,3531.802085484041,1110693
2024-04-30,3515.836181640625,3572.061677179968,3506.0359348375546,3563.0895379766434,2203078
2024-05-02,3555.083984375,3562.261741296734,3476.635273211625,3476.635273211625,2491044
2024-05-03,3536.771484375,3582.966682325397,3494.625611625741,3579.7917453667596,2962234
2024-05-06,3608.226318359375,3625.6183751303724,3545.605343342577,3545.605343342577,2053831
2024-05-07,3661.507568359375,3669.835600298666,3601.2792431717226,3617.1990864707095,2062112
2024-05-08,3659.66650390625,3666.4302063725313,3624.3762246560705,3644.9890493847392,1247685
2024-05-09,3644.252685546875,3654.1910996247516,3598.1037742420194,3645.9091253370098,1726486
2024-05-10,3583.242919921875,3656.584599916785,3575.0991114656995,3646.4621845728734,1672489
2024-05-13,3632.842529296875,3639.4680646589845,3561.2494084020914,3574.5925909400316,931326
2024-05-14,3589.9599609375,3631.001836986879,3582.322094809196,3621.9836417268198,1058317
2024-05-15,3570.8193359375,3613.655594732349,3566.3103506592815,3592.996713752849,1115021
2024-05-16,3615.820556640625,3623.745662755798,3562.5697543936335,3606.6906515489186,2599399
2024-05-17,3553.857177734375,3633.4784647992665,3550.0567653523444,3632.5515570276343,2765804
2024-05-21,3540.97314453125,3563.728776359017,3531.5651208470945,3550.613121462056,1908117
2024-05-22,3551.910888671875,3560.4847863024115,3538.517115470372,3554.691612227725,1311168
2024-05-23,3608.869140625,3619.574971009692,3545.8858006651926,3560.206480963538,2095742
2024-05-24,3568.131591796875,3599.924574735908,3563.3117164748414,3594.7801911641072,1309452
2024-05-27,3565.860595703125,3622.6800874842297,3560.5772666527496,3573.2294672441094,1841538
2024-05-28,3559.233154296875,3587.1331694666214,3550.056857637509,3576.0102759178876,1801993
2024-05-29,3525.632568359375,3567.5751439944142,3522.2494455944416,3567.5751439944142,1568095
2024-05-30,3463.020263671875,3517.058806463482,3443.8794821472993,3500.9307015339277,2919230
2024-05-31,3402.6318359375,3475.718599887057,3386.689068476094,3466.6348590080306,10956800
2024-06-03,3432.200439453125,3477.340801445973,3425.8510308716222,3459.961281200074,2156773
2024-06-04,3443.462158203125,3471.2693896287224,3328.989055501083,3429.5585424903265,3395997
2024-06-05,3472.61376953125,3507.2338672517226,3429.5589463958036,3444.389471569407,2799670
2024-06-06,3550.427490234375,3559.233114194575,3468.0254786409455,3504.6383361596722,4328036
2024-06-07,3609.33251953125,3628.8439736397468,3556.8232840964106,3556.8232840964106,4552445
2024-06-10,3576.658935546875,3620.4089366489284,3561.08683988795,3610.3057325626605,1734661
2024-06-11,3570.54150390625,3596.355749469534,3560.2527371623205,3563.9603682346064,1419898
2024-06-12,3551.5859375,3608.9152715121113,3547.6929702664606,3591.2112432293293,2177001
2024-06-13,3594.68701171875,3605.670958498831,3570.448465845115,3574.8976680710653,1932323
2024-06-14,3551.957275390625,3604.7446322415467,3548.2032533352126,3604.7446322415467,1860730
2024-06-18,3536.24609375,3561.179823442644,3517.661546809407,3546.395689059985,1774045
2024-06-19,3523.825439453125,3553.625661858595,3515.714995969622,3547.8786522964565,1509050
2024-06-20,3510.431640625,3531.4724028758133,3503.757949581445,3518.542084048452,2846526
2024-06-21,3532.2138671875,3594.363079879569,3520.4421834921905,3547.2761188024833,4642195
2024-06-24,3537.821533203125,3575.0831793648726,3514.185385660008,3530.359880582307,1702154
2024-06-25,3557.88916015625,3566.41666656242,3515.668465075754,3538.007033326123,1338808
2024-06-26,3574.017578125,3584.3061190627222,3560.2529065957383,3563.4970839383795,1639845
2024-06-27,3646.59423828125,3653.8705550444147,3539.0267689087714,3550.9837890347926,4526556
2024-06-28,3618.787109375,3670.555002133022,3612.94777109011,3631.4395370159273,2731571
2024-07-01,3687.424560546875,3709.206893822337,3600.1098911444064,3600.1098911444064,2658723
2024-07-02,3723.75927734375,3729.320724102144,3691.4566765329196,3701.699052905465,2307449
2024-07-03,3675.421142578125,3731.8235725519535,3665.9203376575206,3726.169344471108,1821198
2024-07-04,3727.0498046875,3751.5203059355035,3691.039573096493,3707.4921862442698,2518001
2024-07-05,3718.568359375,3732.425584242968,3696.5079108365194,3716.8998802543742,1668616
2024-07-08,3701.328369140625,3736.597257975855,3687.2858057778326,3728.023360391662,1758882
2024-07-09,3694.191162109375,3714.0732898340816,3684.551411180989,3693.727708193667,1305801
2024-07-10,3623.42138671875,3710.68988827446,3616.7940867398565,3692.522405623858,2669716
2024-07-11,3636.907958984375,3689.092911509367,3610.8619865173036,3643.6744309405326,4872189
2024-07-12,3878.13623046875,3892.966755879167,3681.0291429084155,3689.0931958411575,13509164
2024-07-15,3864.46435546875,3930.089249638286,3853.20206311634,3926.103726954822,4848030
2024-07-16,3873.03857421875,3887.9614296375316,3841.9405419889817,3867.059837105984,2029521
2024-07-18,4000.116455078125,4008.8759141236847,3855.936139365209,3855.936139365209,5613364
2024-07-19,3997.190185546875,4049.5428404415234,3981.2568871814256,4011.1260943754664,3903354
2024-07-22,3983.209228515625,4013.4967037339125,3962.4446272549844,3994.9154862555774,1896386
2024-07-23,3997.143798828125,4052.283633900068,3963.6508933891937,3979.1663862285477,2365208
2024-07-24,4000.767578125,4031.2873123813406,3965.32400369121,3983.347690266691,1809793
2024-07-25,4015.864501953125,4034.9102445303465,3970.991055777116,3990.3153350812427,2810342
2024-07-26,4076.578369140625,4108.723954458355,4029.3818216621617,4041.4133370768022,3552210
2024-07-29,4070.30712890625,4116.667158057409,4060.923526939503,4101.802189759301,1746803
2024-07-30,4055.67431640625,4086.0080507932844,4020.3232924395934,4079.5976241161015,1797906
2024-07-31,4074.255859375,4100.873353963842,4036.768174665359,4041.413477513075,2330091
2024-08-01,4085.17236328125,4105.797235952523,4055.3956995339786,4087.309021156136,2202244
2024-08-02,3979.21240234375,4086.008088524829,3967.088344247617,4055.34909195336,2811282
2024-08-05,3860.293212890625,3938.2880347144414,3818.903743027533,3938.2880347144414,2787771
2024-08-06,3875.2978515625,3956.1723973259723,3865.6352581703713,3875.065586406783,2203067
2024-08-07,3902.47265625,3943.8158516524645,3883.7517228332504,3928.0680935195514,1237666
2024-08-08,3876.552001953125,3931.7848414500368,3864.892471746728,3884.4027462435265,2441283
2024-08-09,3928.765380859375,3951.898901241262,3907.2109914599246,3917.8489177851575,1302536
2024-08-12,3898.012939453125,3938.2878064043034,3889.372857499192,3929.9262611677764,936912
2024-08-13,3899.221435546875,3933.6429525764734,3886.260857493479,3914.1326781305343,1495593
2024-08-14,3990.547119140625,4000.7205130893644,3891.0446486995966,3910.415650884789,3226545
2024-08-16,4102.7783203125,4112.951716428554,4018.2805218840263,4041.4140425715414,3457058
2024-08-19,4171.482421875,4175.430929735349,4078.901616536801,4107.377235436386,2055210
2024-08-20,4202.42041015625,4241.16242582082,4180.773475617458,4185.418779479254,2212298
2024-08-21,4228.61962890625,4236.516644581457,4173.851321089861,4197.496096539259,1896990
2024-08-22,4182.63037109375,4237.398669027107,4178.171062150779,4236.5158800949575,1829872
2024-08-23,4147.2333984375,4186.346939264392,4138.964850071652,4180.772575829952,1809253
2024-08-26,4183.04931640625,4229.223358650871,4166.837026562577,4170.553269172667,1844164
2024-08-27,4178.12451171875,4190.063030371992,4168.50864441272,4185.417727677566,930697
2024-08-28,4186.3935546875,4238.83920976465,4141.101848062617,4179.611593409034,1848058
2024-08-29,4191.7353515625,4232.8000107357375,4143.61019488178,4143.61019488178,2133641
2024-08-30,4230.708984375,4266.477811363402,4169.43726681697,4180.771985657425,3637222
2024-09-02,4200.32958984375,4262.530383589784,4191.921772178967,4251.381655472286,1216500
2024-09-03,4192.24658203125,4232.706988670382,4176.9633540945715,4200.329136859027,1717263
2024-09-04,4161.49462890625,4168.694848446134,4121.9632824379705,4159.357971016076,1265505
2024-09-05,4158.42919921875,4179.843865751271,4138.1754048562225,4163.120774045665,1688793
2024-09-06,4140.59033203125,4198.378075871805,4125.028568849218,4156.570353890225,1649179
2024-09-09,4133.90185546875,4171.714807408975,4116.203430594168,4138.965417739988,1184938
2024-09-10,4188.0654296875,4217.888362209953,4125.446843253818,4127.30496423786,1385591
2024-09-11,4161.58837890625,4226.622631682309,4154.062896070717,4200.701927375869,1325919
2024-09-12,4197.21728515625,4211.0601974701785,4116.94608580757,4190.295602177849,2742216
2024-09-13,4201.76953125,4224.43851900476,4185.417974074432,4208.644488913913,1458786
2024-09-16,4193.08251953125,4223.555524057743,4175.6163626806965,4205.857102070119,1155120
2024-09-17,4186.02099609375,4214.032077064658,4149.183841121353,4193.081946023499,1699364
2024-09-18,4037.8359375,4178.031067060591,4014.470158180367,4178.031067060591,2961779
2024-09-19,3991.384521484375,4108.492909161809,3978.0524080877503,4078.6232411061633,2927551
2024-09-20,3980.93212890625,4023.4833814320996,3927.604135103798,4010.6620715019503,5447908
2024-09-23,3965.69482421875,4003.69330870643,3951.294386178363,3994.9602305588905,1702319
2024-09-24,3968.29638671875,3986.5990621222545,3939.216971195143,3950.0404365312907,3012026
2024-09-25,3971.502197265625,3985.2988392847856,3939.2173381849816,3950.6913284717216,2713073
2024-09-26,3987.99267578125,4010.5686671887433,3957.798205900553,3957.798205900553,3964251
2024-09-27,4003.0439453125,4067.4276691713644,3995.007207492202,4027.478059812212,3012477
2024-09-30,3965.69482421875,3993.798904910472,3957.8440813783095,3982.7894470349006,2503416
2024-10-01,3983.7197265625,3991.0129445948405,3941.958715652306,3953.6645188560456,1823365
2024-10-03,3932.481689453125,3975.4507469540895,3911.345558466164,3960.2142421580074,3350119
2024-10-04,3950.59814453125,3993.102669221074,3924.398452773479,3925.281241847147,2965463
2024-10-07,3969.7373046875,3992.406296192221,3929.3694337615807,3970.7126370149526,1472619
2024-10-08,3951.527099609375,3975.8219442019727,3905.724592296589,3969.5045134149964,1541867
2024-10-09,3951.24853515625,3990.315352669941,3945.4419062961365,3957.798231053306,1082504
2024-10-10,3927.51025390625,3989.2465053830083,3900.7534930523875,3951.526558479922,2378875
2024-10-11,3854.858154296875,3941.028518940875,3820.7151796266107,3849.0977975212186,5759183
2024-10-14,3843.1982421875,3869.9087330608727,3829.7735893951135,3846.3106857656626,2137590
2024-10-15,3824.75634765625,3874.1362795372975,3804.5030088222256,3837.995460690613,2759474
2024-10-16,3804.456787109375,3823.0844981328532,3778.675354588552,3795.212679191423,2359151
2024-10-17,3817.509765625,3836.9737654296287,3802.5982985672913,3821.040014226119,2522659
2024-10-18,3839.908447265625,3861.4221966319437,3799.8149930258223,3809.128265067552,2361000
2024-10-21,3799.6748046875,3855.647652061206,3790.5011421772856,3848.8023072058913,1595450
2024-10-22,3739.743896484375,3808.941544128123,3731.222344636917,3786.7759141091938,1928049
2024-10-23,3787.00927734375,3831.0608725895195,3720.7918215935465,3724.9364095884875,1966476
2024-10-24,3769.919189453125,3798.8835556125446,3729.034017325969,3729.034017325969,2676744
2024-10-25,3778.906982421875,3810.9911611654225,3755.7634089805097,3778.4413187902564,1759676
2024-10-28,3809.919189453125,3850.1058589809745,3772.8057171581827,3789.522991511172,1532534
2024-10-29,3795.390380859375,3821.7003687765036,3781.28086766965,3814.5758081311487,1445885
2024-10-30,3804.145263671875,3824.960515939356,3781.2347527404995,3795.158047833668,1935002
2024-10-31,3695.925048828125,3798.23142349314,3688.055380171151,3790.501362953683,3740372
2024-11-01,3710.59375,3724.3308260712956,3703.0035243410357,3715.8558850555814,154895
2024-11-04,3691.92041015625,3717.7647384247807,3644.51594943524,3693.9228999424704,2269192
2024-11-05,3698.626220703125,3712.2700726947464,3670.453574014962,3670.453574014962,967590
2024-11-06,3855.36865234375,3864.821532718559,3702.258547649724,3728.6617654032125,3792017
2024-11-07,3865.845703125,3916.975471746434,3804.5179478782275,3883.3549260647524,3724349
2024-11-08,3862.213623046875,3883.401315336317,3834.879080725745,3869.6642401156896,1648039
2024-11-11,3910.36376953125,3943.5186546704363,3834.8794257124828,3844.7052007056577,1406487
2024-11-12,3909.152587890625,3928.3380186185295,3878.3724067000553,3926.4753642711526,1587640
2024-11-13,3865.333984375,3908.547476051825,3847.359096337812,3891.178314501988,1098813
2024-11-14,3861.18896484375,3874.3207680121654,3833.7616543718636,3851.0375903197846,1825432
2024-11-18,3743.469482421875,3923.6812860911455,3716.181551430071,3923.6812860911455,3313944
2024-11-19,3762.142333984375,3848.3830847662466,3738.4401053836123,3743.8416205226595,1776233
2024-11-21,3793.15576171875,3811.409636894372,3747.660340835974,3767.124986745769,2384347
2024-11-22,3953.111083984375,3962.7504103811857,3775.6000484761144,3791.4326091135326,3096553
2024-11-25,4018.76953125,4030.8767831616365,3960.189149488993,3986.079860138673,4052167
2024-11-26,4053.78759765625,4066.7329532289605,4014.0197491006056,4024.310731522724,2060669
2024-11-27,4035.02099609375,4076.7911069702654,4027.104715840101,4059.6083950341376,1558993
2024-11-28,3953.39013671875,4041.913046412665,3942.3074356808006,4022.4015626518726,2558544
2024-11-29,3977.558837890625,4003.496391196353,3907.522850994133,3930.200759120496,2017425
2024-12-02,3982.960205078125,3993.7173066183545,3939.560268502564,3976.766970418375,1670944
2024-12-03,4007.267822265625,4027.9898509787527,3972.529502098055,4018.071307960362,2010905
2024-12-04,4055.37109375,4085.686067146796,3994.5087699045835,4017.3262864453577,3302642
2024-12-05,4157.4912109375,4180.728007626903,4060.5867928833363,4098.584762623309,3746747
2024-12-06,4140.21484375,4158.375723168091,4109.713879599103,4147.199797372343,1842087
2024-12-09,4146.40869140625,4162.474087112963,4112.322021739467,4126.19916212064,2066639
2024-12-10,4128.154296875,4185.198089234919,4109.108928030726,4122.193893602826,2087828
2024-12-11,4123.404296875,4143.148158287083,4104.358476029229,4127.502045111503,1635256
2024-12-12,4149.01611328125,4177.002312539005,4122.054010099808,4125.825703197917,1914642
2024-12-13,4166.6640625,4186.221930852545,4092.6235608796533,4130.389146191078,1967048
2024-12-16,4111.99560546875,4167.6887843067,4095.045270300907,4152.787550664486,1646224
2024-12-17,4031.250244140625,4128.527563155076,4021.471307427335,4107.153419581878,3225027
2024-12-18,4049.2705078125,4062.44869495374,3995.0207057764947,4015.6031250525107,1575404
2024-12-19,3978.536376953125,4064.311698759071,3969.3163290813845,3987.942872155441,3015763
2024-12-20,3883.913330078125,4081.0754644719555,3867.3358891418975,4031.7151268140337,4116989
2024-12-23,3872.737060546875,3927.4061398642916,3832.317557835385,3911.6199645875045,2195338
2024-12-24,3892.48193359375,3928.338029883583,3872.7376155550933,3872.7376155550933,1181886
2024-12-26,3882.796142578125,3911.5276763317006,3858.628020945553,3892.4818540644487,1208464
2024-12-27,3878.837890625,3893.8323483767854,3862.4464421773887,3877.114844483566,858100
2024-12-30,3873.202880859375,3910.9216276232846,3829.6169553875666,3865.938711530591,1527169
2024-12-31,3813.598876953125,3855.6484388056892,3755.1580918903,3851.0381870084493,1555429
2025-01-01,3830.036376953125,3850.1062943866386,3804.890317466962,3813.22564967337,763161
2025-01-02,3888.989501953125,3895.7416240603297,3815.6011015015547,3837.0680112666887,1720835
2025-01-03,3818.34814453125,3892.9011567771527,3811.270194517517,3892.9011567771527,1791953
2025-01-06,3813.784912109375,3864.6818530145874,3787.148863043133,3823.5638477814505,2085593
2025-01-07,3751.664794921875,3856.020036180541,3736.0650668596068,3832.3644200987096,2669054
2025-01-08,3826.26416015625,3842.6556080381715,3741.839449635328,3757.811618423141,2181277
2025-01-09,3761.490966796875,3853.599136272882,3748.871437714519,3819.372861544339,2392472
2025-01-10,3972.7158203125,4001.9130192806797,3883.6344636724307,3911.574279957844,7894300
2025-01-13,3996.418212890625,4026.0810749677194,3937.0924887364367,3953.4839382998034,4003771
2025-01-14,3942.354248046875,4017.6521397931906,3929.3156678223904,4006.5694375522967,3441709
2025-01-15,3957.767822265625,3964.1475039910265,3918.512475086078,3928.3377943076216,1653474
2025-01-16,3917.44140625,3999.118983314416,3903.984001105146,3967.4538586211947,2637705
2025-01-17,3911.750732421875,3946.180260907231,3888.750475468339,3945.5161507173275,1761466
2025-01-20,3867.647216796875,3932.1425484323627,3858.447160711793,3932.1425484323627,1287799
2025-01-21,3827.858642578125,3899.1356217063835,3822.3100353871873,3884.2447827685805,1971591
2025-01-22,3942.3857421875,3948.5979964355506,3835.7782445911716,3841.279382364056,2409223
2025-01-23,3931.810546875,3975.3449548724125,3926.688470425829,3953.198226312215,1822998
2025-01-24,3938.355224609375,3962.683237549143,3892.49689011529,3892.49689011529,1910099
2025-01-27,3855.64892578125,3942.149041037749,3832.7910788257336,3890.5999221421316,1551782
2025-01-28,3832.079833984375,3890.6000269864126,3820.6982639395587,3861.007991181617,2468272
2025-01-29,3888.512939453125,3896.148353343233,3845.0734688360117,3845.0734688360117,1217089
2025-01-30,3888.750244140625,3917.0619915773636,3849.3417440444105,3888.6080671418995,1531251
2025-01-31,3900.463623046875,3915.686749530312,3874.7129156799383,3898.1874018590165,1492943
2025-02-01,3863.236572265625,3922.7526963272944,3846.970505085766,3901.032960408717,437172
2025-02-03,3858.968505859375,3866.8882740010763,3792.6234860032378,3823.1639848038094,1265713
2025-02-04,3895.389404296875,3906.5815588564824,3856.5026066809596,3873.242905885086,2547132
2025-02-05,3880.261474609375,3936.1259160718655,3865.9395744358853,3936.1259160718655,1693912
2025-02-06,3872.342041015625,3926.167381981307,3842.7500055982014,3893.8246615705457,2284536
2025-02-07,3821.7412109375,3879.218228908592,3801.444171507491,3879.218228908592,1548940
2025-02-10,3828.902099609375,3843.176530616503,3807.4669498989556,3831.7949614241543,1339511
2025-02-11,3759.28515625,3831.795194749814,3751.1757413949294,3811.3082763326493,1810908
2025-02-12,3746.57568359375,3814.4858114252734,3737.0910418049134,3766.446193388272,1678002
2025-02-13,3708.63720703125,3779.108143555463,3701.1444324584945,3763.5059537434317,2277310
2025-02-14,3732.064208984375,3744.536419785488,3699.010141125482,3722.721744594235,1681975
2025-02-17,3703.278076171875,3731.257767104663,3657.467213858333,3657.7517993998813,1799806
2025-02-18,3673.59130859375,3722.152626882654,3665.3397167799785,3697.4925589213967,2149879
2025-02-19,3589.0830078125,3675.2508303067148,3573.9548205315027,3672.6425540939376,4366672
2025-02-20,3584.625244140625,3592.782128290818,3557.9735409942346,3567.6478288188787,2888572
2025-02-21,3590.88525390625,3620.287642408916,3580.4521483085296,3581.4955514917533,1833931
2025-02-24,3486.1748046875,3569.260122487774,3480.8633130033377,3550.2433706104594,2508516
2025-02-25,3442.498046875,3469.4818051991183,3434.625748244206,3438.1824887498096,4101954
2025-02-27,3426.3740234375,3450.512388419143,3415.1346312530945,3425.5677363307773,3823856
2025-02-28,3303.738037109375,3414.4712362287373,3278.840851011874,3400.1968032211066,7085018
2025-03-03,3313.032470703125,3341.6760393458467,3297.0032889623258,3305.3972886171223,4990439
2025-03-04,3350.02294921875,3367.9962990962294,3285.764501101665,3294.964557324782,2797737
2025-03-05,3364.249755859375,3414.8029405590255,3339.400041837824,3339.400041837824,2501894
2025-03-06,3415.98828125,3423.433585251506,3353.863884772035,3373.6866911774378,2786513
2025-03-07,3425.093505859375,3438.1823567291294,3390.1899807262357,3414.4707542689284,2051315
2025-03-10,3404.654296875,3435.4321442725973,3397.9678097594306,3420.636010676855,1004626
2025-03-11,3391.0439453125,3403.8007419067008,3355.3341308822914,3374.6354690920352,1995450
2025-03-12,3325.5048828125,3385.305592458114,3307.15224085139,3381.2746199098347,3174167
2025-03-13,3330.105224609375,3342.6723750664873,3304.544161123429,3321.806162986754,1693004
2025-03-17,3317.443359375,3348.5055635480967,3298.1422508316427,3309.191766715557,2690906
2025-03-18,3317.443359375,3317.443359375,3317.443359375,3317.443359375,0
2025-03-19,3316.873779296875,3364.2020435877325,3284.2939459919426,3364.2020435877325,3051244
2025-03-20,3379.519775390625,3394.505554527131,3331.0059291540974,3331.0059291540974,2845192
2025-03-21,3393.69970703125,3429.8835221492395,3286.4283178007922,3295.912959410607,4161925
2025-03-24,3441.9287109375,3461.6568103088644,3382.792113898217,3414.470721860925,1834751
2025-03-25,3469.24462890625,3518.8018790902024,3450.5124625687754,3457.1517113972473,3135390
2025-03-26,3448.425537109375,3490.8218325762614,3438.9883664032623,3459.7596358592737,1734499
2025-03-27,3463.031982421875,3474.2239048124366,3424.4295409023484,3428.555452249772,2528474
2025-03-28,3420.3037109375,3472.279589767322,3406.7880975546004,3462.8424183134416,2051919
2025-04-01,3367.806396484375,3399.2953585160476,3343.3359762190476,3388.577667798288,2618493
2025-04-02,3361.3095703125,3380.421262394588,3348.126010889205,3361.3570398330285,1764313
2025-04-03,3227.765380859375,3321.521146037298,3221.1261324235493,3311.088041352429,4537821
2025-04-04,3129.362548828125,3224.446080623458,3125.663631237096,3189.3056688327865,5317367
2025-04-07,3105.31884765625,3121.7745604042666,2898.5536795332505,2940.2386292720134,6623955
2025-04-08,3123.244873046875,3176.4063332063806,3087.535291604866,3131.875989149625,5557558
2025-04-09,3079.28369140625,3101.4776590955953,3046.5142098890965,3092.5147195117684,2990265
2025-04-11,3064.9619140625,3128.9357749466626,3040.7760781322527,3120.0203045213184,7108961
2025-04-15,3080.801025390625,3143.5893021337306,3071.69590901875,3143.5893021337306,3512160
2025-04-16,3105.081787109375,3109.1602290119804,3062.5905495252055,3080.801013758816,2384391
2025-04-17,3128.888427734375,3133.346394679939,3052.157767289551,3078.2405325476193,2932346
2025-04-21,3150.41845703125,3181.148601343861,3114.851053170071,3120.5418377878595,2432946
2025-04-22,3143.589111328125,3162.0841600479707,3125.1890016354123,3151.3667016777117,2710498
2025-04-23,3237.1083984375,3244.6011731880976,3165.3097029497226,3191.58211565842,3543923
2025-04-24,3226.295654296875,3236.633820616935,3213.1118640484187,3225.8214222352462,2252175
2025-04-25,3270.30419921875,3298.568475558524,3229.5202431380058,3243.747204561521,2742991
2025-04-28,3266.0361328125,3279.5992157727555,3229.520264912607,3257.9741879514845,1593296
2025-04-29,3293.541748046875,3314.8821913387555,3253.6113148639492,3276.9436254865236,1578332
2025-04-30,3275.71044921875,3329.014085869881,3192.53019311335,3293.06738873724,2809332
2025-05-02,3254.180419921875,3311.562499608635,3243.7473145242825,3293.0674491310842,1721761
2025-05-05,3276.280029296875,3323.8928872337206,3268.787022960017,3272.2015868044905,1284443
2025-05-06,3281.685791015625,3294.01582433447,3259.871116682284,3281.685791015625,1324763
2025-05-07,3267.5537109375,3281.211501134211,3244.3163408615387,3244.3163408615387,1477128
2025-05-08,3271.157958984375,3297.8098945868014,3251.999029204456,3270.3044338611708,2543591
2025-05-09,3263.001220703125,3268.5970664946117,3222.976080385976,3223.8296054868374,2531757
2025-05-12,3433.819580078125,3443.3991607952385,3321.7111617690016,3324.3669077502577,2228678
2025-05-13,3333.8515625,3436.285693012091,3329.5834737286627,3433.8195935429753,3062887
2025-05-14,3365.814697265625,3377.4808526725133,3327.7814236222675,3339.5422865093847,2119499
2025-05-15,3395.406982421875,3414.471205945195,3332.9982217379065,3380.326493885743,3548330
2025-05-16,3377.76513671875,3408.6849264465072,3363.348529175367,3408.6849264465072,1666727
2025-05-19,3337.455322265625,3367.0473541083206,3323.1334225866804,3367.0473541083206,2537377
2025-05-20,3318.01220703125,3374.6354708973113,3313.9337648440714,3349.785756293493,2038374
2025-05-21,3344.0947265625,3354.7174780325026,3318.0119641520128,3327.212019490534,1440153
2025-05-22,3297.8095703125,3317.5376692737764,3273.4340900331863,3314.881923566922,2034383
2025-05-23,3333.4716796875,3352.820252737569,3286.9969435109397,3297.809340528579,1274331
2025-05-26,3355.002197265625,3362.3053247198645,3329.204019365113,3339.542185709067,967470
2025-05-27,3318.391357421875,3357.5629717372003,3303.5954561426133,3349.9752588067204,2467680
2025-05-28,3317.443359375,3347.1303366979655,3312.9856237137983,3338.5941584519237,1222933
2025-05-29,3317.822265625,3350.449337105284,3306.819989757275,3324.0819895701998,3188072
2025-05-30,3284.91064453125,3325.979188538535,3275.141649033021,3310.1398835450454,3404365
2025-06-02,3272.011474609375,3281.6857620470387,3242.41944121709,3272.201121116267,1877585
2025-06-03,3229.709716796875,3294.4898573234195,3225.2519821011338,3268.4070961095445,2848125
2025-06-04,3235.1640625,3248.465034332547,3224.7340073768614,3242.9150002967904,2544807
2025-06-05,3225.786865234375,3262.0530702216233,3218.7057063727016,3262.0530702216233,3584683
2025-06-06,3238.32177734375,3244.732922695699,3213.920971684004,3225.786601665087,2070390
2025-06-09,3274.39697265625,3285.975488762853,3244.7332451805223,3253.4410779830223,1718678
2025-06-10,3313.629638671875,3335.5426613582063,3275.6409764041855,3291.7168496023487,2419874
2025-06-11,3322.24169921875,3338.604687522634,3300.424692969312,3320.423693236899,2847013
2025-06-12,3286.16650390625,3324.920724772973,3275.6406661399797,3322.241373890929,4060134
2025-06-13,3297.171142578125,3301.7642826377164,3246.934184213111,3246.934184213111,2178493
2025-06-16,3345.58984375,3357.742355566309,3278.511454741814,3291.7166438153617,1934088
2025-06-17,3363.77099609375,3368.2683531373627,3337.743514633776,3358.6994089523137,2111940
2025-06-18,3302.625244140625,3385.4923927635227,3294.683207501011,3367.4071820205213,2696327
2025-06-19,3276.406494140625,3302.2426434811027,3265.88065552043,3301.2857490610854,2672768
2025-06-20,3287.601806640625,3297.7449799970086,3263.870780505962,3277.3630840211995,2351248
2025-06-23,3247.317138671875,3277.3635313225304,3224.73433592903,3267.7945867055305,3123421
2025-06-24,3244.254638671875,3293.726265410323,3236.2168192617623,3286.549557502439,3403048
2025-06-25,3296.3095703125,3301.2853740079395,3253.440658442607,3260.4260336385005,1757699
2025-06-26,3293.439208984375,3302.625255099875,3268.081507258558,3296.3098921986184,2879106
2025-06-27,3292.76953125,3316.978773543857,3283.1048040170426,3306.0702704397795,1778433
2025-06-30,3312.7685546875,3315.5434551196317,3282.1479325760038,3291.6210940950255,1468351
2025-07-01,3281.860595703125,3334.776901436363,3266.35895353028,3306.0700701470973,2375183
2025-07-02,3275.736572265625,3339.4655976963195,3272.57877409358,3336.8820295980254,3090585
2025-07-03,3254.206298828125,3287.219153361651,3251.144283681705,3282.147566666478,2531870
2025-07-04,3272.3876953125,3279.27728864699,3243.967976797223,3261.096294049881,1109320
2025-07-07,3264.63671875,3278.416138875185,3261.4789203702617,3270.952315509477,1639174
2025-07-08,3259.37353515625,3277.363195918518,3247.125240576613,3258.2253086430815,2325242
2025-07-09,3237.939208984375,3266.837372173034,3221.8633368794976,3263.0097947012437,2034938
2025-07-10,3236.216552734375,3252.483755985849,3211.337300702709,3234.3027641165545,3035012
2025-07-11,3125.217041015625,3191.242753149758,3120.5283520064395,3157.6556670087216,7635550
2025-07-14,3083.783447265625,3130.9583865491522,3062.0619917351123,3125.217020314649,3924009
2025-07-15,3112.107666015625,3118.9014760029677,3067.8034091107847,3067.8034091107847,2590889
2025-07-16,3104.234375,3115.5638600833036,3092.2326031663256,3098.3774165813243,2540733
2025-07-17,3081.287109375,3112.779808234124,3076.390526695053,3095.5933632665156,2947640
2025-07-18,3062.756103515625,3100.105758589483,3059.9717861781455,3096.4571730230687,3432645
2025-07-21,3032.31982421875,3070.1495522628406,3026.3669918654064,3062.8523807267275,3844346
2025-07-22,3033.6640625,3053.3469689942053,3028.8633535989743,3033.6640625,3198036
2025-07-23,3052.38671875,3055.171036049811,3031.743671209123,3033.6639547012974,1922875
2025-07-24,3022.526611328125,3047.2022105424912,3014.845476356516,3038.945131093794,2934778
2025-07-25,3010.812744140625,3031.0715957495104,3001.019344529776,3014.845292873372,2568917
2025-07-28,2956.56494140625,2993.7223853235596,2947.5394670779647,2986.0412502746217,3374473
2025-07-29,2934.193359375,2951.4759118844077,2919.9832137631183,2938.0339265993125,4785312
2025-07-30,2931.888916015625,2946.6750050729374,2925.7438682234083,2938.0337293982366,2880121
2025-07-31,2915.7587890625,2937.8420514011964,2894.827650050853,2920.4633903186314,2968371
2025-08-01,2883.3056640625,2915.758501968501,2880.4252388236764,2909.133383273443,2053847
2025-08-04,2951.85986328125,2956.6605722928375,2872.360309577052,2889.1627911176092,2519252
2025-08-05,2941.778564453125,2954.8365875722943,2920.7515513874637,2951.86005402892,1927996
2025-08-06,2911.438232421875,2944.5631268588136,2905.389291773203,2940.9145408794843,1487081
2025-08-07,2925.552001953125,2929.9687479023937,2890.890789951502,2895.7876067904904,2543076
2025-08-08,2915.37451171875,2937.841970823321,2904.4289887975438,2926.6083584758467,2762140
2025-08-11,2919.59912109375,2928.3362704951187,2900.8763567070323,2915.3743566889298,1884215
2025-08-12,2914.41455078125,2972.9832050993796,2906.2533448516742,2919.7914390398837,3358232
2025-08-13,2915.1826171875,2923.055733419127,2907.8856798255947,2915.086743648966,2148166
2025-08-14,2901.83642578125,2934.0970475783347,2898.7640190971856,2913.0700372499637,3342174
2025-08-18,2891.178955078125,2927.4723621732833,2883.6898021204543,2925.072007661826,2945609
2025-08-19,2895.9794921875,2904.42878644818,2891.0829099205744,2891.178783449569,2650784
2025-08-20,2975.09521484375,2979.7037075526887,2890.8905988262018,2890.8905988262018,4952358
2025-08-21,2978.936279296875,3005.2440729447403,2960.2135127082415,3005.2440729447403,3230726
2025-08-22,2932.273193359375,2972.3110613965996,2928.432625981039,2962.997732386061,1593791
2025-08-25,3015.421630859375,3026.3671543415535,2954.4526225152476,2964.246022642929,3448370
2025-08-26,3031.35986328125,3035.9685911364395,2995.6426326203955,3004.283909445262,5522097
2025-08-28,2970.390869140625,3021.08640697707,2963.4778945287544,3019.646194165862,3116051
2025-08-29,2961.74951171875,2990.8418565958136,2954.548447858567,2969.7187359392783,2271789
2025-09-01,2988.537353515625,3006.2999761800884,2966.8380558481663,2966.8380558481663,1246862
2025-09-02,2987.481201171875,3029.247369338668,2979.416103841445,2996.698656186325,2185229
2025-09-03,2974.0390625,3016.6692623196923,2964.917715899919,3005.1475613511693,1799774
2025-09-04,2972.310791015625,2993.7219990840686,2967.6061901689773,2991.8017155695825,1481391
2025-09-05,2926.800537109375,2979.704214005019,2907.885788971954,2973.655507694055,2802055
2025-09-08,2898.667724609375,2942.7381338463906,2895.7872995766393,2928.4321166143072,2626187
2025-09-09,2927.856201171875,2938.0337976334035,2909.997705008497,2911.2459361835313,2489301
2025-09-10,2986.041259765625,2998.2350148126434,2931.6971353578033,2934.57756101031,2079428
2025-09-11,2999.6748046875,3013.8849494515116,2986.1369466753263,3013.8849494515116,2263446
2025-09-12,3008.50830078125,3023.198517586115,2996.6026359147436,3018.685897890405,1447167
2025-09-15,2987.865234375,3009.0844623500607,2972.5990732086116,3009.0844623500607,1732539
2025-09-16,3020.318115234375,3024.4467719955323,2985.1770648150605,3003.3236516831826,2573429
2025-09-17,3046.338134765625,3055.55535595913,3017.149681628776,3026.367137231914,2418271
2025-09-18,3050.08251953125,3075.334296666793,3035.392302577828,3058.0517436415034,2633138
2025-09-19,3042.88134765625,3053.730996885227,3018.685821162444,3043.6495079786732,4901694
2025-09-22,2951.283935546875,2983.0644887376598,2942.8346407567424,2971.6388949892716,3634901
2025-09-23,2940.338134765625,2957.9087764692863,2930.352753876681,2947.6353061603577,3177741
2025-09-24,2914.41455078125,2935.153709024967,2912.110304047342,2928.4327159064933,1625714
2025-09-25,2839.523193359375,2908.845617084501,2833.3783797594588,2901.548445826189,4974361
2025-09-26,2783.54736328125,2837.027218062639,2776.0582098827367,2823.7772134975207,3934636
2025-09-29,2780.6669921875,2812.5436557187713,2778.6506004758216,2799.7737218339657,3110035
2025-09-30,2773.273193359375,2799.101145742985,2770.1049132760872,2794.9724895498107,2253458
2025-10-01,2798.044921875,2808.2225177556543,2752.3423171660024,2775.7696811050214,1952902
2025-10-03,2786.235107421875,2807.454332770607,2775.8657645822723,2807.454332770607,2899519
2025-10-06,2869.28759765625,2874.2805224330996,2780.18662812204,2786.331441741774,2112774
2025-10-07,2855.173583984375,2884.745997894136,2837.699050349848,2875.624650921264,3062943
2025-10-08,2906.541259765625,2921.711547346886,2849.7009111158586,2856.4219038307547,4121889
2025-10-09,2939.666259765625,2943.794916608875,2899.6283914412274,2913.0703773618156,3211304
2025-10-10,2907.59716796875,2947.635030127983,2887.049994865423,2928.432196055488,8817365
2025-10-13,2887.338134765625,2914.510192335436,2878.6968592818434,2906.348987711864,2866865
2025-10-14,2842.3076171875,2906.541005318549,2837.6988899902512,2900.588173459837,3611416
2025-10-15,2862.064208984375,2871.6049712258155,2843.946172081733,2863.2206293645645,4282226
2025-10-16,2862.931396484375,2867.0754517571395,2836.332787245134,2862.160371154854,3251495
2025-10-17,2854.73974609375,2880.374867719902,2848.1863837329993,2862.2568312933195,4374683
2025-10-20,2905.81689453125,2913.333979311689,2870.4483153754104,2877.1943748710046,3133039
2025-10-21,2897.625244140625,2921.814780103732,2887.313457420898,2921.140221212513,310644
2025-10-23,2961.713134765625,2985.613509464342,2925.959156761946,2944.1734252464703,5564758
2025-10-24,2952.07568359375,2977.9035021252716,2947.3535359078196,2968.2662739630537,2684318
2025-10-27,2972.98828125,2981.9509500743798,2949.184375870237,2955.2558763824863,1946312
2025-10-28,2946.968017578125,2978.096312781555,2929.9101701396817,2964.4114953280427,3470737
2025-10-29,2946.67919921875,2964.4116062609737,2935.5963859963827,2946.9681278582934,2895420
2025-10-30,2925.187744140625,2952.653842834952,2922.778437237614,2938.487165302022,2241536
2025-10-31,2947.064208984375,2956.1231088421955,2915.357824198127,2924.898585437403,1868085
2025-11-03,2907.35888671875,2947.0642176101555,2900.805524854993,2936.3668007969727,2194877
2025-11-04,2881.723876953125,2919.4055326440953,2868.039060214524,2910.0574685167057,2670720
2025-11-06,2901.6728515625,2914.2977142131544,2881.531139384038,2881.627605776501,2542721
2025-11-07,2883.265869140625,2895.023240036059,2853.1012989769483,2892.1320716871546,1830520
2025-11-10,2915.4541015625,2937.3305615709287,2883.4585523829414,2884.422275161144,1556656
2025-11-11,2936.46337890625,2944.847720230334,2908.5154176367123,2934.5359333014544,2806868
2025-11-12,3018.18701171875,3022.619995280987,2946.1969680097523,2948.991669923252,4460315
2025-11-13,2993.033935546875,3018.2834265472866,2989.4682081451956,3018.1871954349617,1740435
2025-11-14,2993.322998046875,3000.1655239975616,2965.6642009169345,2977.9034333434784,2210794
2025-11-17,2989.660888671875,3010.188231818854,2974.626953832486,2993.323082448971,2232853
2025-11-18,2975.10888671875,2992.3594315179676,2966.338914722159,2989.4682629851,2548350
2025-11-19,3033.510009765625,3040.545232796858,2971.639057156612,2984.6493140956795,3151053
2025-11-20,3030.715576171875,3049.7008686990343,3024.2586803244717,3033.79944214396,2700767
2025-11-21,3036.30517578125,3055.0013041600305,3021.463703354114,3030.715536432949,4177037
2025-11-24,3027.24609375,3063.578397230728,3017.4161679823073,3043.4366842823783,6703764
2025-11-25,3006.044189453125,3035.534202019235,3001.996600643867,3031.1974493056246,2737920
2025-11-26,3048.158935546875,3062.711244826224,3003.9241504478728,3005.658898650244,2508527
2025-11-27,3022.81298828125,3064.6384631299097,3011.6337098367826,3064.6384631299097,2836233
2025-11-28,3023.68017578125,3033.12470593688,3011.6336412163846,3026.089482694223,1616690
2025-12-01,3019.72900390625,3039.581788202742,3008.935355329588,3024.0657566161144,1747647
2025-12-02,3021.945556640625,3029.9445029896465,3007.200550647543,3017.4161065078188,2512003
2025-12-03,3064.638427734375,3095.3810901757683,3025.125793917674,3026.089516693691,3952112
2025-12-04,3112.053466796875,3132.0989471151875,3071.769808666434,3078.13047294951,5025905
2025-12-05,3120.72705078125,3152.915532717371,3105.5001838412545,3112.824571063191,5244013
2025-12-08,3119.088623046875,3141.639640868843,3092.200852929616,3125.3528208067405,2544725
2025-12-09,3091.912109375,3116.3905759892023,3065.7951256660695,3112.8248484517812,2734893
2025-12-10,3073.5048828125,3108.0062080861744,3062.807700289892,3108.0062080861744,1386849
2025-12-11,3076.10693359375,3092.0083609433445,3038.714674477584,3088.73179730002,1914362
2025-12-12,3103.669189453125,3106.078496384854,3070.131589906683,3081.696263178982,1146554
2025-12-15,3113.017333984375,3120.727116365754,3081.31094805451,3094.610369719165,1562190
2025-12-16,3088.828125,3103.187500999765,3075.3360054304358,3103.187500999765,1734623
2025-12-17,3101.067138671875,3119.474102184826,3084.394687896739,3084.394687896739,1376350
2025-12-18,3161.78173828125,3168.5277977297296,3104.1510690788923,3110.897128527372,2307422
2025-12-19,3162.938232421875,3197.5357868591873,3159.854366515901,3179.3215200364916,3902511
2025-12-22,3204.281982421875,3207.8479451634685,3171.6118722000997,3189.9226061933546,2632816
2025-12-23,3189.92236328125,3199.4631245744913,3174.0209376032617,3199.4631245744913,2365420
2025-12-24,3198.595947265625,3206.4021959958864,3176.5267894381177,3184.236571775606,1367708
2025-12-26,3161.0107421875,3199.5596536775915,3153.108262388808,3192.910060559104,1176664
2025-12-29,3133.544677734375,3168.7205598617948,3125.2565675579217,3161.010777477703,2079473
2025-12-30,3129.01513671875,3148.9641510011397,3121.9799134409154,3132.099002526,2807593
2025-12-31,3089.887939453125,3128.2441532690227,3082.4673210816295,3122.461816571668,3362634
2026-01-01,3110.31884765625,3116.775978595714,3082.1781891606697,3098.368779137981,1255735
2026-01-02,3132.773681640625,3136.243177859361,3102.7055771191704,3116.6795578205924,1184324
2026-01-05,3099.428955078125,3129.207895137578,3075.2394189664337,3122.94369701057,2341703
2026-01-06,3137.688720703125,3144.8201752673103,3088.7315556964636,3093.550169667909,2912325
2026-01-07,3176.044921875,3180.8635358265738,3106.271250685878,3125.2565425983025,1989442
2026-01-08,3087.671142578125,3167.6601287029757,3066.5657090274044,3167.6601287029757,4159336
2026-01-09,3091.43017578125,3112.5356118812538,3075.239584998998,3075.239584998998,1938673
2026-01-12,3122.076416015625,3134.026484388671,3059.145271347969,3086.804068110982,2228342
2026-01-13,3149.446044921875,3161.0107182814413,3094.0319850739534,3127.2804209827063,5645341
2026-01-14,3076.684814453125,3141.736098705462,3067.529448521315,3141.736098705462,3539511
2026-01-15,3076.684814453125,3076.684814453125,3076.684814453125,3076.684814453125,0
2026-01-16,3146.54931640625,3161.464149941515,3111.519017760894,3159.0110444402844,4293470
2026-01-19,3104.258056640625,3159.600023336744,3092.973770842994,3128.2002715520307,3387562
2026-01-20,3044.10791015625,3100.7255406282875,3033.118044759914,3092.4832014713097,4499273
2026-01-21,3064.027099609375,3079.6287553253787,3024.188569033875,3041.8509292683366,2015150
2026-01-22,3091.305419921875,3100.7254411371077,3063.7326570458863,3090.9130188550284,2269827
2026-01-23,3103.178466796875,3134.578217290946,3092.875423666008,3130.457047950816,2068857
2026-01-27,3098.762939453125,3115.4440572399217,3071.2881572160486,3115.4440572399217,4279874
2026-01-28,3140.073486328125,3145.0776781720924,3111.1268393421374,3116.425451779539,2751234
2026-01-29,3085.41796875,3140.07335254898,3066.9708064954257,3140.07335254898,2457641
2026-01-30,3065.302734375,3082.082073579965,3034.001200735196,3082.082073579965,3022068
2026-02-02,3110.1455078125,3138.0126916764966,3075.2131881532646,3138.0126916764966,2636272
2026-02-03,3164.80078125,3287.1616459496977,3126.532332237451,3287.1616459496977,4366060
2026-02-04,2942.84375,3061.475843095512,2929.9893806035893,3061.475843095512,10852595
2026-02-05,2935.38623046875,2972.869637012123,2916.5464269268496,2933.9143670738968,3521545
2026-02-06,2886.422119140625,2929.0079343210614,2861.302223276454,2920.765595757455,4687389
2026-02-09,2892.8984375,2921.15826303242,2882.3991930324937,2903.5941220720847,2380318
2026-02-10,2928.61572265625,2955.109263473934,2888.2865702537815,2894.468444356794,3547763
2026-02-11,2855.21875,2941.76426862986,2849.723697569715,2924.1019081110685,3363513
2026-02-12,2698.514404296875,2825.977676593803,2688.603761759382,2815.9690535680857,10612156
2026-02-13,2641.700439453125,2662.110326952746,2536.5113141072056,2536.5113141072056,11168735
2026-02-16,2655.830322265625,2668.7826718221954,2620.898002964758,2649.3540277067937,2918730
2026-02-17,2666.427490234375,2708.228504276998,2644.6439610469733,2665.0538469624375,4209118
2026-02-18,2644.349609375,2678.7913077273606,2607.4550449905755,2678.7913077273606,2950820
2026-02-19,2627.66845703125,2697.140454434555,2616.5806115438327,2657.2039438116426,3238849
2026-02-20,2635.81298828125,2651.905505554349,2597.838959616639,2616.973184248376,2293482
2026-02-23,2626.0986328125,2653.2789947204583,2610.3005370564806,2635.616634548502,4699596
2026-02-24,2525.423095703125,2597.8388206557183,2513.255787797201,2591.460746119642,7798833
2026-02-25,2579.980224609375,2604.4130601353972,2546.3235684513456,2547.3048106742554,3621285
2026-02-26,2598.03515625,2620.8981494569975,2585.573427113137,2600.292061423079,3464267
2026-02-27,2587.92822265625,2638.168017666852,2576.8403768444346,2631.299321894741,5083717
2026-03-02,2564.4765625,2574.5834053591284,2531.8993684474203,2543.37985460111,3374385
2026-03-04,2539.2587890625,2585.5733762002424,2531.997452542583,2575.7609535201655,3446434
2026-03-05,2530.427490234375,2560.551578540278,2498.6350985020495,2551.229777430436,2960636
2026-03-06,2509.625244140625,2570.069622274581,2505.7002751879877,2523.7550365456814,3998643
2026-03-09,2479.99169921875,2511.9802941008847,2458.0119674698108,2482.54302502939,3653428
2026-03-10,2465.9599609375,2497.45769299971,2443.39138949283,2493.3365235176843,4323710
2026-03-11,2418.6640625,2473.711851651557,2413.954291083466,2461.053921737681,2720664
2026-03-12,2396.5859375,2426.513825649523,2390.3060830242093,2413.6596961153996,2752075
2026-03-13,2365.284423828125,2400.0203033629555,2352.0376535639975,2391.287343235487,2466488
2026-03-16,2364.0087890625,2379.5124645789865,2321.7173916761253,2364.793830777467,3807907
2026-03-17,2346.837158203125,2374.6063631722786,2315.7318252423875,2374.6063631722786,2993367
2026-03-18,2395.01611328125,2436.326267951688,2364.793804301608,2364.793804301608,3082388
2026-03-19,2311.806640625,2378.5311107279285,2306.115387909886,2371.6624152761565,2757060
2026-03-20,2345.7578125,2362.6351312433567,2319.8528734315287,2341.2440023374425,4206320
2026-03-23,2339.085205078125,2361.6537756859007,2303.956686393805,2320.6378037995523,3860515
2026-03-24,2353.803955078125,2389.7172776589064,2334.47353068287,2359.0045869106293,3420182
2026-03-25,2332.80517578125,2376.1762738846405,2325.3478785890734,2355.864368126978,5843778
2026-03-27,2344.97265625,2376.6668272056972,2340.262645780238,2358.8080275261386,4979411
2026-03-30,2314.652099609375,2353.0187649541185,2302.1903717438945,2330.5484146912077,6804756
